d1,d2,score,count,n1,n2
DCC0323,DCC0117,0.8025044516881376,17,Paclitaxel,Cisplatin
DCC0128,DCC0117,0.8012570396865518,16,Fluorouracil,Cisplatin
DCC0117,DCC0012,0.8144573626955735,15,Cisplatin,Bevacizumab
DCC0117,DCC0323,0.8025044516881376,17,Cisplatin,Paclitaxel
DCC0259,DCC0117,0.8361690329390589,16,Doxorubicin,Cisplatin
DCC0259,DCC0123,0.8060860420760133,42,Doxorubicin,Cyclophosphamide
DCC0123,DCC0117,0.8416746752663882,16,Cyclophosphamide,Cisplatin
DCC0156,DCC0123,0.8080550813208907,41,Prednisone,Cyclophosphamide
DCC0295,DCC0117,0.8030447535688628,15,Capecitabine,Cisplatin
DCC0329,DCC0117,0.8425897756742098,16,Docetaxel,Cisplatin
DCC0012,DCC0046,0.8040270780472368,9,Bevacizumab,Mitomycin
DCC0012,DCC1235,0.8122155107969412,10,Bevacizumab,Chlorambucil
DCC0012,DCC1710,0.8025517846992665,9,Bevacizumab,Plerixafor
DCC0189,DCC1639,0.8077761177219797,15,Irinotecan,Ixabepilone
DCC0153,DCC0245,0.8196820802843832,15,Clofarabine,Carboplatin
DCC0153,DCC0126,0.8112300215204167,23,Clofarabine,Vincristine
DCC0153,DCC0295,0.8112642078415331,23,Clofarabine,Capecitabine
DCC0153,DCC0046,0.8212319970160685,23,Clofarabine,Mitomycin
DCC0153,DCC0096,0.8116205771140036,23,Clofarabine,Epirubicin
DCC0153,DCC0108,0.8163146055320957,23,Clofarabine,Altretamine
DCC0153,DCC0288,0.8352411030257758,23,Clofarabine,Fludarabine
DCC0153,DCC0420,0.8126716676848024,9,Clofarabine,Tirapazamine
DCC0153,DCC0275,0.8056054530968221,9,Clofarabine,Procainamide
DCC0153,DCC0311,0.8301754079312402,23,Clofarabine,Ifosfamide
DCC0153,DCC0411,0.8152245577994992,4,Clofarabine,Lomeguatrib
DCC0153,DCC1120,0.8074022892684073,9,Clofarabine,Pegfilgrastim
DCC0153,DCC1555,0.8050643352110356,9,Clofarabine,Panitumumab
DCC0153,DCC1129,0.8049249178800454,9,Clofarabine,Palifermin
DCC0153,DCC1234,0.8105820525640887,16,Clofarabine,Bleomycin
DCC0153,DCC1522,0.8096132742703952,23,Clofarabine,Procarbazine
DCC0153,DCC1535,0.815764920795341,23,Clofarabine,Mitoxantrone
DCC0153,DCC1471,0.8244872051513141,23,Clofarabine,Busulfan
DCC0122,DCC0414,0.8027328157577888,5,Erlotinib,Mesna
DCC0122,DCC1639,0.8030045760612227,15,Erlotinib,Ixabepilone
DCC0122,DCC1129,0.8035872984580307,9,Erlotinib,Palifermin
DCC0122,DCC1688,0.806113411074533,14,Erlotinib,Axitinib
DCC0158,DCC1555,0.8007500441667693,9,Pemetrexed,Panitumumab
DCC0001,DCC0414,0.8143822904800683,5,Cetuximab,Mesna
DCC0001,DCC1639,0.8358074799134811,5,Cetuximab,Ixabepilone
DCC0001,DCC1235,0.8055858915579637,6,Cetuximab,Chlorambucil
DCC0361,DCC0411,0.8062855869265415,4,Vorinostat,Lomeguatrib
DCC0361,DCC1555,0.8273558039814468,8,Vorinostat,Panitumumab
DCC0008,DCC1639,0.8108485267470509,9,Trastuzumab,Ixabepilone
DCC0008,DCC1235,0.8013720156940334,10,Trastuzumab,Chlorambucil
DCC0008,DCC1688,0.8114293524699691,9,Trastuzumab,Axitinib
DCC0245,DCC0153,0.8196820802843832,15,Carboplatin,Clofarabine
DCC0245,DCC0046,0.8068705450023795,15,Carboplatin,Mitomycin
DCC0126,DCC0153,0.8112300215204167,23,Vincristine,Clofarabine
DCC0126,DCC0288,0.816458468241199,22,Vincristine,Fludarabine
DCC0126,DCC1471,0.806096605135462,22,Vincristine,Busulfan
DCC0148,DCC0411,0.8016650930201034,4,Imatinib,Lomeguatrib
DCC0079,DCC0411,0.8120411322576881,4,Sorafenib,Lomeguatrib
DCC0355,DCC0414,0.8100925043655357,4,Genistein,Mesna
DCC0355,DCC0411,0.8209052753206291,4,Genistein,Lomeguatrib
DCC0295,DCC0153,0.8112642078415331,23,Capecitabine,Clofarabine
DCC0336,DCC1555,0.8054592656787762,9,Sunitinib,Panitumumab
DCC0336,DCC1639,0.8198483701612113,14,Sunitinib,Ixabepilone
DCC0336,DCC1688,0.8005903171606905,14,Sunitinib,Axitinib
DCC0094,DCC1639,0.8123830016977572,15,Gemcitabine,Ixabepilone
DCC0094,DCC1129,0.8053723732387369,9,Gemcitabine,Palifermin
DCC0403,DCC0411,0.8182435756109072,4,Tegafur,Lomeguatrib
DCC0416,DCC0411,0.8190971062570171,4,Potassium,Lomeguatrib
DCC0046,DCC0012,0.8040270780472368,9,Mitomycin,Bevacizumab
DCC0046,DCC0153,0.8212319970160685,23,Mitomycin,Clofarabine
DCC0046,DCC0245,0.8068705450023795,15,Mitomycin,Carboplatin
DCC0046,DCC0108,0.8005178506224039,23,Mitomycin,Altretamine
DCC0046,DCC0288,0.8120685181236393,23,Mitomycin,Fludarabine
DCC0046,DCC0420,0.8068479991354132,9,Mitomycin,Tirapazamine
DCC0046,DCC0275,0.8002268366897652,9,Mitomycin,Procainamide
DCC0046,DCC0311,0.8158827905224366,23,Mitomycin,Ifosfamide
DCC0046,DCC0411,0.8228083258610437,4,Mitomycin,Lomeguatrib
DCC0046,DCC1471,0.8026868800876067,23,Mitomycin,Busulfan
DCC0426,DCC0411,0.8015753017658125,4,2-methoxyestradiol,Lomeguatrib
DCC0096,DCC0153,0.8116205771140036,23,Epirubicin,Clofarabine
DCC0096,DCC1129,0.8004088833209901,9,Epirubicin,Palifermin
DCC0215,DCC1120,0.8000913737232679,9,Temozolomide,Pegfilgrastim
DCC0215,DCC1555,0.8075137854174891,9,Temozolomide,Panitumumab
DCC0215,DCC1624,0.8038743067040788,11,Temozolomide,Uracil
DCC1417,DCC1120,0.8051858210293548,9,Dacarbazine,Pegfilgrastim
DCC1417,DCC1555,0.8102730014808551,9,Dacarbazine,Panitumumab
DCC1417,DCC1129,0.8021483269092646,9,Dacarbazine,Palifermin
DCC0162,DCC0420,0.8000574694099408,9,Leucovorin,Tirapazamine
DCC0162,DCC1639,0.8010904614291233,15,Leucovorin,Ixabepilone
DCC0108,DCC0153,0.8163146055320957,23,Altretamine,Clofarabine
DCC0108,DCC0046,0.8005178506224039,23,Altretamine,Mitomycin
DCC0108,DCC0288,0.8138939786972381,23,Altretamine,Fludarabine
DCC0108,DCC0420,0.8217186852772513,9,Altretamine,Tirapazamine
DCC0108,DCC0311,0.8191792387969105,22,Altretamine,Ifosfamide
DCC0108,DCC0414,0.8121864328495944,5,Altretamine,Mesna
DCC0108,DCC1120,0.8113093872192565,9,Altretamine,Pegfilgrastim
DCC0108,DCC1555,0.8169092615045491,9,Altretamine,Panitumumab
DCC0108,DCC1138,0.8031601422274617,5,Altretamine,Gemtuzumab
DCC0108,DCC1129,0.8090026451442468,9,Altretamine,Palifermin
DCC0108,DCC1471,0.812892990590978,22,Altretamine,Busulfan
DCC0288,DCC0153,0.8352411030257758,23,Fludarabine,Clofarabine
DCC0288,DCC0126,0.816458468241199,22,Fludarabine,Vincristine
DCC0288,DCC0046,0.8120685181236393,23,Fludarabine,Mitomycin
DCC0288,DCC0108,0.8138939786972381,23,Fludarabine,Altretamine
DCC0288,DCC0420,0.8120516970859413,9,Fludarabine,Tirapazamine
DCC0288,DCC0275,0.8050338827011756,9,Fludarabine,Procainamide
DCC0288,DCC0311,0.8260617696691391,23,Fludarabine,Ifosfamide
DCC0288,DCC1129,0.8077122080747456,9,Fludarabine,Palifermin
DCC0288,DCC1522,0.8033463531978128,23,Fludarabine,Procarbazine
DCC0104,DCC0411,0.8374621285580582,4,Raloxifene,Lomeguatrib
DCC0307,DCC0411,0.8371841252954897,4,Trimetrexate,Lomeguatrib
DCC0420,DCC0153,0.8126716676848024,9,Tirapazamine,Clofarabine
DCC0420,DCC0046,0.8068479991354132,9,Tirapazamine,Mitomycin
DCC0420,DCC0162,0.8000574694099408,9,Tirapazamine,Leucovorin
DCC0420,DCC0108,0.8217186852772513,9,Tirapazamine,Altretamine
DCC0420,DCC0288,0.8120516970859413,9,Tirapazamine,Fludarabine
DCC0420,DCC0067,0.8224941003280295,9,Tirapazamine,Vinorelbine
DCC0420,DCC0414,0.8012755487783971,5,Tirapazamine,Mesna
DCC0420,DCC0411,0.8475559647182647,4,Tirapazamine,Lomeguatrib
DCC0420,DCC1628,0.8044581941133689,9,Tirapazamine,Fotemustine
DCC0420,DCC1120,0.8078032249941365,9,Tirapazamine,Pegfilgrastim
DCC0420,DCC1555,0.815610748860925,9,Tirapazamine,Panitumumab
DCC0420,DCC1639,0.8007867297905313,10,Tirapazamine,Ixabepilone
DCC0420,DCC1129,0.8064793263758651,9,Tirapazamine,Palifermin
DCC0420,DCC1710,0.8045112598231774,9,Tirapazamine,Plerixafor
DCC0420,DCC1471,0.8010168024480966,9,Tirapazamine,Busulfan
DCC0420,DCC1681,0.8071336317604217,9,Tirapazamine,Pertuzumab
DCC0420,DCC1688,0.8202764607392039,9,Tirapazamine,Axitinib
DCC0420,DCC1321,0.8180566793147999,9,Tirapazamine,Vinblastine
DCC0275,DCC0153,0.8056054530968221,9,Procainamide,Clofarabine
DCC0275,DCC0046,0.8002268366897652,9,Procainamide,Mitomycin
DCC0275,DCC0288,0.8050338827011756,9,Procainamide,Fludarabine
DCC0275,DCC0067,0.8155035916930804,9,Procainamide,Vinorelbine
DCC0275,DCC0414,0.8006432546725598,5,Procainamide,Mesna
DCC0275,DCC0411,0.8467308227522511,4,Procainamide,Lomeguatrib
DCC0275,DCC1120,0.8013650854323816,9,Procainamide,Pegfilgrastim
DCC0275,DCC1555,0.8090886704997362,9,Procainamide,Panitumumab
DCC0275,DCC1639,0.8125019025079324,9,Procainamide,Ixabepilone
DCC0275,DCC1681,0.8005875711869329,9,Procainamide,Pertuzumab
DCC0275,DCC1688,0.8133548471590719,9,Procainamide,Axitinib
DCC0275,DCC1321,0.8104952649001285,9,Procainamide,Vinblastine
DCC0067,DCC0420,0.8224941003280295,9,Vinorelbine,Tirapazamine
DCC0067,DCC0275,0.8155035916930804,9,Vinorelbine,Procainamide
DCC0067,DCC0414,0.8065176206870885,5,Vinorelbine,Mesna
DCC0067,DCC1555,0.801175526474915,10,Vinorelbine,Panitumumab
DCC0067,DCC1235,0.8020833658877659,11,Vinorelbine,Chlorambucil
DCC0067,DCC1681,0.8004065875798732,10,Vinorelbine,Pertuzumab
DCC0311,DCC0153,0.8301754079312402,23,Ifosfamide,Clofarabine
DCC0311,DCC0046,0.8158827905224366,23,Ifosfamide,Mitomycin
DCC0311,DCC0108,0.8191792387969105,22,Ifosfamide,Altretamine
DCC0311,DCC0288,0.8260617696691391,23,Ifosfamide,Fludarabine
DCC0311,DCC0411,0.8203053562181878,4,Ifosfamide,Lomeguatrib
DCC0311,DCC1555,0.8090658878752459,9,Ifosfamide,Panitumumab
DCC0311,DCC1234,0.8068868493462115,16,Ifosfamide,Bleomycin
DCC0311,DCC1522,0.8038680190224369,23,Ifosfamide,Procarbazine
DCC0311,DCC1535,0.808335587376179,23,Ifosfamide,Mitoxantrone
DCC0311,DCC1471,0.826242716808957,22,Ifosfamide,Busulfan
DCC0414,DCC0122,0.8027328157577888,5,Mesna,Erlotinib
DCC0414,DCC0001,0.8143822904800683,5,Mesna,Cetuximab
DCC0414,DCC0355,0.8100925043655357,4,Mesna,Genistein
DCC0414,DCC0108,0.8121864328495944,5,Mesna,Altretamine
DCC0414,DCC0420,0.8012755487783971,5,Mesna,Tirapazamine
DCC0414,DCC0275,0.8006432546725598,5,Mesna,Procainamide
DCC0414,DCC0067,0.8065176206870885,5,Mesna,Vinorelbine
DCC0414,DCC0411,0.8382221416951003,4,Mesna,Lomeguatrib
DCC0414,DCC1555,0.8099194513785557,5,Mesna,Panitumumab
DCC0414,DCC1639,0.8158459580546744,5,Mesna,Ixabepilone
DCC0414,DCC1688,0.8179437231639175,5,Mesna,Axitinib
DCC0411,DCC0153,0.8152245577994992,4,Lomeguatrib,Clofarabine
DCC0411,DCC0361,0.8062855869265415,4,Lomeguatrib,Vorinostat
DCC0411,DCC0148,0.8016650930201034,4,Lomeguatrib,Imatinib
DCC0411,DCC0079,0.8120411322576881,4,Lomeguatrib,Sorafenib
DCC0411,DCC0355,0.8209052753206291,4,Lomeguatrib,Genistein
DCC0411,DCC0403,0.8182435756109072,4,Lomeguatrib,Tegafur
DCC0411,DCC0416,0.8190971062570171,4,Lomeguatrib,Potassium
DCC0411,DCC0046,0.8228083258610437,4,Lomeguatrib,Mitomycin
DCC0411,DCC0426,0.8015753017658125,4,Lomeguatrib,2-methoxyestradiol
DCC0411,DCC0215,0.8388395597777528,4,Lomeguatrib,Temozolomide
DCC0411,DCC0104,0.8374621285580582,4,Lomeguatrib,Raloxifene
DCC0411,DCC0307,0.8371841252954897,4,Lomeguatrib,Trimetrexate
DCC0411,DCC0420,0.8475559647182647,4,Lomeguatrib,Tirapazamine
DCC0411,DCC0275,0.8467308227522511,4,Lomeguatrib,Procainamide
DCC0411,DCC0311,0.8203053562181878,4,Lomeguatrib,Ifosfamide
DCC0411,DCC0414,0.8382221416951003,4,Lomeguatrib,Mesna
DCC0411,DCC1121,0.8005772040612806,4,Lomeguatrib,Sargramostim
DCC0411,DCC1657,0.8116816873773041,4,Lomeguatrib,Vandetanib
DCC0411,DCC1129,0.8148941050132658,4,Lomeguatrib,Palifermin
DCC0411,DCC1535,0.8047742304564247,4,Lomeguatrib,Mitoxantrone
DCC0411,DCC1710,0.8042835853987579,4,Lomeguatrib,Plerixafor
DCC0411,DCC0620,0.8121580239617259,4,Lomeguatrib,Canfosfamide
DCC0411,DCC1688,0.8012600606222288,5,Lomeguatrib,Axitinib
DCC0411,DCC1624,0.8129162752671442,4,Lomeguatrib,Uracil
DCC0411,DCC0956,0.8035169981208087,4,Lomeguatrib,Obatoclax
DCC0787,DCC1688,0.8016580335994141,5,Ipilimumab,Axitinib
DCC1628,DCC0420,0.8044581941133689,9,Fotemustine,Tirapazamine
DCC1628,DCC1555,0.8397884199385409,8,Fotemustine,Panitumumab
DCC1628,DCC1688,0.804026099611547,12,Fotemustine,Axitinib
DCC0634,DCC1688,0.8022109066101251,5,Enzastaurin,Axitinib
DCC1121,DCC0411,0.8005772040612806,4,Sargramostim,Lomeguatrib
DCC1121,DCC1688,0.8258070228723091,8,Sargramostim,Axitinib
DCC1120,DCC0153,0.8074022892684073,9,Pegfilgrastim,Clofarabine
DCC1120,DCC0215,0.8000913737232679,9,Pegfilgrastim,Temozolomide
DCC1120,DCC1417,0.8051858210293548,9,Pegfilgrastim,Dacarbazine
DCC1120,DCC0108,0.8113093872192565,9,Pegfilgrastim,Altretamine
DCC1120,DCC0420,0.8078032249941365,9,Pegfilgrastim,Tirapazamine
DCC1120,DCC0275,0.8013650854323816,9,Pegfilgrastim,Procainamide
DCC1120,DCC0311,0.808303538543236,9,Pegfilgrastim,Ifosfamide
DCC1120,DCC1639,0.8071917793257166,9,Pegfilgrastim,Ixabepilone
DCC1120,DCC1235,0.8069623681806192,10,Pegfilgrastim,Chlorambucil
DCC1120,DCC1710,0.8012043608858305,9,Pegfilgrastim,Plerixafor
DCC1120,DCC1688,0.8454465430310782,8,Pegfilgrastim,Axitinib
DCC1657,DCC0411,0.8116816873773041,4,Vandetanib,Lomeguatrib
DCC1555,DCC0153,0.8050643352110356,9,Panitumumab,Clofarabine
DCC1555,DCC0158,0.8007500441667693,9,Panitumumab,Pemetrexed
DCC1555,DCC0361,0.8273558039814468,8,Panitumumab,Vorinostat
DCC1555,DCC0336,0.8054592656787762,9,Panitumumab,Sunitinib
DCC1555,DCC0215,0.8075137854174891,9,Panitumumab,Temozolomide
DCC1555,DCC1417,0.8102730014808551,9,Panitumumab,Dacarbazine
DCC1555,DCC0108,0.8169092615045491,9,Panitumumab,Altretamine
DCC1555,DCC0420,0.815610748860925,9,Panitumumab,Tirapazamine
DCC1555,DCC0275,0.8090886704997362,9,Panitumumab,Procainamide
DCC1555,DCC0067,0.801175526474915,10,Panitumumab,Vinorelbine
DCC1555,DCC0311,0.8090658878752459,9,Panitumumab,Ifosfamide
DCC1555,DCC0414,0.8099194513785557,5,Panitumumab,Mesna
DCC1555,DCC1628,0.8397884199385409,8,Panitumumab,Fotemustine
DCC1555,DCC1639,0.8589589969935957,8,Panitumumab,Ixabepilone
DCC1555,DCC1129,0.8016873132323094,9,Panitumumab,Palifermin
DCC1555,DCC1235,0.8024905339435433,10,Panitumumab,Chlorambucil
DCC1555,DCC1471,0.8032995199948121,9,Panitumumab,Busulfan
DCC1555,DCC1688,0.8611449396075083,8,Panitumumab,Axitinib
DCC1639,DCC0189,0.8077761177219797,15,Ixabepilone,Irinotecan
DCC1639,DCC0122,0.8030045760612227,15,Ixabepilone,Erlotinib
DCC1639,DCC0001,0.8358074799134811,5,Ixabepilone,Cetuximab
DCC1639,DCC0008,0.8108485267470509,9,Ixabepilone,Trastuzumab
DCC1639,DCC0336,0.8198483701612113,14,Ixabepilone,Sunitinib
DCC1639,DCC0094,0.8123830016977572,15,Ixabepilone,Gemcitabine
DCC1639,DCC0162,0.8010904614291233,15,Ixabepilone,Leucovorin
DCC1639,DCC0420,0.8007867297905313,10,Ixabepilone,Tirapazamine
DCC1639,DCC0275,0.8125019025079324,9,Ixabepilone,Procainamide
DCC1639,DCC0414,0.8158459580546744,5,Ixabepilone,Mesna
DCC1639,DCC1120,0.8071917793257166,9,Ixabepilone,Pegfilgrastim
DCC1639,DCC1555,0.8589589969935957,8,Ixabepilone,Panitumumab
DCC1639,DCC1280,0.8292239271390413,9,Ixabepilone,Entecavir
DCC1639,DCC1368,0.8234912394816509,9,Ixabepilone,Adefovir
DCC1639,DCC1138,0.8040058854557426,5,Ixabepilone,Gemtuzumab
DCC1639,DCC1129,0.803733529742499,9,Ixabepilone,Palifermin
DCC1639,DCC1024,0.8060465512868431,5,Ixabepilone,Teprotumumab
DCC1639,DCC1245,0.8154213763589298,14,Ixabepilone,Floxuridine
DCC1639,DCC1688,0.8422768287089399,14,Ixabepilone,Axitinib
DCC1280,DCC1639,0.8292239271390413,9,Entecavir,Ixabepilone
DCC1280,DCC1688,0.8016501940408332,9,Entecavir,Axitinib
DCC1368,DCC1639,0.8234912394816509,9,Adefovir,Ixabepilone
DCC1138,DCC0108,0.8031601422274617,5,Gemtuzumab,Altretamine
DCC1138,DCC1639,0.8040058854557426,5,Gemtuzumab,Ixabepilone
DCC1138,DCC1688,0.8069968415161517,5,Gemtuzumab,Axitinib
DCC1129,DCC0153,0.8049249178800454,9,Palifermin,Clofarabine
DCC1129,DCC0122,0.8035872984580307,9,Palifermin,Erlotinib
DCC1129,DCC0094,0.8053723732387369,9,Palifermin,Gemcitabine
DCC1129,DCC0096,0.8004088833209901,9,Palifermin,Epirubicin
DCC1129,DCC1417,0.8021483269092646,9,Palifermin,Dacarbazine
DCC1129,DCC0108,0.8090026451442468,9,Palifermin,Altretamine
DCC1129,DCC0288,0.8077122080747456,9,Palifermin,Fludarabine
DCC1129,DCC0420,0.8064793263758651,9,Palifermin,Tirapazamine
DCC1129,DCC0311,0.8049440804857815,9,Palifermin,Ifosfamide
DCC1129,DCC0411,0.8148941050132658,4,Palifermin,Lomeguatrib
DCC1129,DCC1555,0.8016873132323094,9,Palifermin,Panitumumab
DCC1129,DCC1639,0.803733529742499,9,Palifermin,Ixabepilone
DCC1129,DCC1688,0.842203486440595,8,Palifermin,Axitinib
DCC1129,DCC1321,0.8076321695871213,9,Palifermin,Vinblastine
DCC1024,DCC1639,0.8060465512868431,5,Teprotumumab,Ixabepilone
DCC1024,DCC1688,0.8086064421921588,5,Teprotumumab,Axitinib
DCC1234,DCC0153,0.8105820525640887,16,Bleomycin,Clofarabine
DCC1234,DCC0311,0.8068868493462115,16,Bleomycin,Ifosfamide
DCC1522,DCC0153,0.8096132742703952,23,Procarbazine,Clofarabine
DCC1522,DCC0288,0.8033463531978128,23,Procarbazine,Fludarabine
DCC1522,DCC0311,0.8038680190224369,23,Procarbazine,Ifosfamide
DCC1162,DCC1688,0.8057629716306793,8,Filgrastim,Axitinib
DCC1535,DCC0153,0.815764920795341,23,Mitoxantrone,Clofarabine
DCC1535,DCC0311,0.808335587376179,23,Mitoxantrone,Ifosfamide
DCC1535,DCC0411,0.8047742304564247,4,Mitoxantrone,Lomeguatrib
DCC1235,DCC0012,0.8122155107969412,10,Chlorambucil,Bevacizumab
DCC1235,DCC0001,0.8055858915579637,6,Chlorambucil,Cetuximab
DCC1235,DCC0008,0.8013720156940334,10,Chlorambucil,Trastuzumab
DCC1235,DCC0067,0.8020833658877659,11,Chlorambucil,Vinorelbine
DCC1235,DCC1120,0.8069623681806192,10,Chlorambucil,Pegfilgrastim
DCC1235,DCC1555,0.8024905339435433,10,Chlorambucil,Panitumumab
DCC1235,DCC1681,0.8041769410351666,10,Chlorambucil,Pertuzumab
DCC1235,DCC1321,0.8053663185935039,11,Chlorambucil,Vinblastine
DCC1710,DCC0012,0.8025517846992665,9,Plerixafor,Bevacizumab
DCC1710,DCC0420,0.8045112598231774,9,Plerixafor,Tirapazamine
DCC1710,DCC0411,0.8042835853987579,4,Plerixafor,Lomeguatrib
DCC1710,DCC1120,0.8012043608858305,9,Plerixafor,Pegfilgrastim
DCC1471,DCC0153,0.8244872051513141,23,Busulfan,Clofarabine
DCC1471,DCC0126,0.806096605135462,22,Busulfan,Vincristine
DCC1471,DCC0046,0.8026868800876067,23,Busulfan,Mitomycin
DCC1471,DCC0108,0.812892990590978,22,Busulfan,Altretamine
DCC1471,DCC0288,0.8249583236215713,23,Busulfan,Fludarabine
DCC1471,DCC0420,0.8010168024480966,9,Busulfan,Tirapazamine
DCC1471,DCC0311,0.826242716808957,22,Busulfan,Ifosfamide
DCC1471,DCC1555,0.8032995199948121,9,Busulfan,Panitumumab
DCC1245,DCC1639,0.8154213763589298,14,Floxuridine,Ixabepilone
DCC0620,DCC0411,0.8121580239617259,4,Canfosfamide,Lomeguatrib
DCC1681,DCC0420,0.8071336317604217,9,Pertuzumab,Tirapazamine
DCC1681,DCC0275,0.8005875711869329,9,Pertuzumab,Procainamide
DCC1681,DCC0067,0.8004065875798732,10,Pertuzumab,Vinorelbine
DCC1681,DCC1235,0.8041769410351666,10,Pertuzumab,Chlorambucil
DCC1681,DCC1688,0.8225479748436478,9,Pertuzumab,Axitinib
DCC1688,DCC0122,0.806113411074533,14,Axitinib,Erlotinib
DCC1688,DCC0008,0.8114293524699691,9,Axitinib,Trastuzumab
DCC1688,DCC0336,0.8005903171606905,14,Axitinib,Sunitinib
DCC1688,DCC0420,0.8202764607392039,9,Axitinib,Tirapazamine
DCC1688,DCC0275,0.8133548471590719,9,Axitinib,Procainamide
DCC1688,DCC0414,0.8179437231639175,5,Axitinib,Mesna
DCC1688,DCC0411,0.8012600606222288,5,Axitinib,Lomeguatrib
DCC1688,DCC0787,0.8016580335994141,5,Axitinib,Ipilimumab
DCC1688,DCC1628,0.804026099611547,12,Axitinib,Fotemustine
DCC1688,DCC0634,0.8022109066101251,5,Axitinib,Enzastaurin
DCC1688,DCC1121,0.8258070228723091,8,Axitinib,Sargramostim
DCC1688,DCC1120,0.8454465430310782,8,Axitinib,Pegfilgrastim
DCC1688,DCC1555,0.8611449396075083,8,Axitinib,Panitumumab
DCC1688,DCC1639,0.8422768287089399,14,Axitinib,Ixabepilone
DCC1688,DCC1280,0.8016501940408332,9,Axitinib,Entecavir
DCC1688,DCC1138,0.8069968415161517,5,Axitinib,Gemtuzumab
DCC1688,DCC1129,0.842203486440595,8,Axitinib,Palifermin
DCC1688,DCC1024,0.8086064421921588,5,Axitinib,Teprotumumab
DCC1688,DCC1162,0.8057629716306793,8,Axitinib,Filgrastim
DCC1688,DCC1681,0.8225479748436478,9,Axitinib,Pertuzumab
DCC1624,DCC0215,0.8038743067040788,11,Uracil,Temozolomide
DCC1624,DCC0411,0.8129162752671442,4,Uracil,Lomeguatrib
DCC1321,DCC0009,0.8014930202892027,9,Vinblastine,Rituximab
DCC1321,DCC0420,0.8180566736737198,9,Vinblastine,Tirapazamine
DCC1321,DCC0275,0.8104952626147228,9,Vinblastine,Procainamide
DCC1321,DCC1129,0.8076321575279329,9,Vinblastine,Palifermin
DCC1321,DCC1235,0.8053663202758429,11,Vinblastine,Chlorambucil
DCC0956,DCC0411,0.8035170024875817,4,Obatoclax,Lomeguatrib
DCC0162,DCC1024,0.8017050055836201,5,Leucovorin,Teprotumumab
DCC0429,DCC1024,0.8068562897312841,5,Afatinib,Teprotumumab
DCC0067,DCC1024,0.8165681191631394,5,Vinorelbine,Teprotumumab
DCC1555,DCC1024,0.8133667262482467,5,Panitumumab,Teprotumumab
DCC1024,DCC0162,0.8017050055836201,5,Teprotumumab,Leucovorin
DCC1024,DCC0429,0.8068562897312841,5,Teprotumumab,Afatinib
DCC1024,DCC0067,0.8165681191631394,5,Teprotumumab,Vinorelbine
DCC1024,DCC1555,0.8133667262482467,5,Teprotumumab,Panitumumab
DCC1024,DCC1681,0.8120356293776129,5,Teprotumumab,Pertuzumab
DCC1681,DCC1024,0.8120356293776129,5,Pertuzumab,Teprotumumab
DCC0012,DCC0596,0.8108355056237455,4,Bevacizumab,ABT-751
DCC0189,DCC0596,0.8166514435560641,4,Irinotecan,ABT-751
DCC0189,DCC1024,0.8569030650532631,4,Irinotecan,Teprotumumab
DCC0153,DCC1461,0.8108888040279494,7,Clofarabine,Isotretinoin
DCC0122,DCC0006,0.8097576957446063,4,Erlotinib,Aldesleukin
DCC0122,DCC0004,0.8067087791574589,7,Erlotinib,Asparaginase
DCC0122,DCC0596,0.8267591693592925,4,Erlotinib,ABT-751
DCC0122,DCC1162,0.8004515616167073,8,Erlotinib,Filgrastim
DCC0122,DCC0853,0.8270964080527372,4,Erlotinib,Linifanib
DCC0158,DCC0787,0.8162152628168083,4,Pemetrexed,Ipilimumab
DCC0158,DCC0853,0.8046020973978271,4,Pemetrexed,Linifanib
DCC0001,DCC1461,0.8147708750102287,4,Cetuximab,Isotretinoin
DCC0001,DCC0596,0.8233509422018694,4,Cetuximab,ABT-751
DCC0355,DCC1024,0.8219498504440488,4,Genistein,Teprotumumab
DCC0120,DCC0596,0.8109418865330951,4,Oxaliplatin,ABT-751
DCC0120,DCC1024,0.8514732927897589,4,Oxaliplatin,Teprotumumab
DCC0295,DCC0596,0.8077603731570188,4,Capecitabine,ABT-751
DCC0336,DCC0596,0.8139977754632051,4,Sunitinib,ABT-751
DCC0336,DCC0853,0.8109385081757606,4,Sunitinib,Linifanib
DCC0094,DCC0596,0.8114715072390428,4,Gemcitabine,ABT-751
DCC0403,DCC0307,0.8200044795800394,4,Tegafur,Trimetrexate
DCC0403,DCC0088,0.8055500292304358,4,Tegafur,Trifluridine
DCC0403,DCC1657,0.8161280403079902,4,Tegafur,Vandetanib
DCC0403,DCC0596,0.8050257637716588,4,Tegafur,ABT-751
DCC0403,DCC0777,0.8136771384221186,4,Tegafur,Pazopanib
DCC0403,DCC1024,0.8432205169029517,4,Tegafur,Teprotumumab
DCC0403,DCC0853,0.8039554544314119,4,Tegafur,Linifanib
DCC0416,DCC0596,0.8078227491769567,4,Potassium,ABT-751
DCC0416,DCC1024,0.8468730559351144,4,Potassium,Teprotumumab
DCC0416,DCC0853,0.8077313923234539,4,Potassium,Linifanib
DCC0006,DCC0122,0.8097576957446063,4,Aldesleukin,Erlotinib
DCC0006,DCC0108,0.8007934592092116,4,Aldesleukin,Altretamine
DCC0006,DCC0420,0.8006453877566317,4,Aldesleukin,Tirapazamine
DCC0006,DCC0275,0.8007819947806016,4,Aldesleukin,Procainamide
DCC0006,DCC0067,0.8079470821044235,4,Aldesleukin,Vinorelbine
DCC0006,DCC0414,0.8054323293204245,4,Aldesleukin,Mesna
DCC0006,DCC1120,0.8001350215054188,4,Aldesleukin,Pegfilgrastim
DCC0006,DCC1555,0.8135288847596718,4,Aldesleukin,Panitumumab
DCC0006,DCC1639,0.8065625332274364,4,Aldesleukin,Ixabepilone
DCC0006,DCC1024,0.8219821979362829,4,Aldesleukin,Teprotumumab
DCC0006,DCC1681,0.8017143613557752,4,Aldesleukin,Pertuzumab
DCC0006,DCC1688,0.8080217188827433,4,Aldesleukin,Axitinib
DCC0271,DCC1024,0.8134277427519392,4,Topotecan,Teprotumumab
DCC0426,DCC1024,0.8281579438032151,4,2-methoxyestradiol,Teprotumumab
DCC0125,DCC1555,0.8134904040173602,7,Toremifene,Panitumumab
DCC0096,DCC0596,0.8122118172125606,4,Epirubicin,ABT-751
DCC0215,DCC0596,0.8018438705725788,4,Temozolomide,ABT-751
DCC1417,DCC1461,0.8025202206638548,7,Dacarbazine,Isotretinoin
DCC1164,DCC0787,0.8103135335335531,4,Octreotide,Ipilimumab
DCC1164,DCC0634,0.8014232400618468,4,Octreotide,Enzastaurin
DCC1164,DCC1024,0.8336949603665905,4,Octreotide,Teprotumumab
DCC0162,DCC0596,0.8152980114103234,4,Leucovorin,ABT-751
DCC0162,DCC0853,0.815377733048148,4,Leucovorin,Linifanib
DCC0108,DCC0006,0.8007934592092116,4,Altretamine,Aldesleukin
DCC0108,DCC1461,0.8083381069772589,7,Altretamine,Isotretinoin
DCC0108,DCC0596,0.8138937334022319,4,Altretamine,ABT-751
DCC0108,DCC0853,0.8156029946801888,4,Altretamine,Linifanib
DCC0288,DCC1461,0.8075774326391378,7,Fludarabine,Isotretinoin
DCC0004,DCC0122,0.8067087791574589,7,Asparaginase,Erlotinib
DCC0004,DCC1120,0.8075864954734658,7,Asparaginase,Pegfilgrastim
DCC0004,DCC1555,0.8042620018912835,7,Asparaginase,Panitumumab
DCC0004,DCC1710,0.8065800938525088,7,Asparaginase,Plerixafor
DCC0004,DCC1688,0.8026413640024327,7,Asparaginase,Axitinib
DCC0104,DCC0596,0.8172572516105083,4,Raloxifene,ABT-751
DCC0104,DCC0853,0.8149892371364158,4,Raloxifene,Linifanib
DCC0307,DCC0403,0.8200044795800394,4,Trimetrexate,Tegafur
DCC0307,DCC0596,0.8173715543700264,4,Trimetrexate,ABT-751
DCC0307,DCC1024,0.8554397653387458,4,Trimetrexate,Teprotumumab
DCC0307,DCC0853,0.8150700085317544,4,Trimetrexate,Linifanib
DCC0429,DCC0596,0.8144807936049587,4,Afatinib,ABT-751
DCC0429,DCC0853,0.8139807617206618,4,Afatinib,Linifanib
DCC0420,DCC0006,0.8006453877566317,4,Tirapazamine,Aldesleukin
DCC0420,DCC0596,0.8152680601310704,4,Tirapazamine,ABT-751
DCC0420,DCC1024,0.8551434170886362,4,Tirapazamine,Teprotumumab
DCC0275,DCC0006,0.8007819947806016,4,Procainamide,Aldesleukin
DCC0275,DCC0596,0.8152176671449766,4,Procainamide,ABT-751
DCC0275,DCC1024,0.8550983837755509,4,Procainamide,Teprotumumab
DCC0088,DCC0403,0.8055500292304358,4,Trifluridine,Tegafur
DCC0088,DCC0414,0.8219012379396229,4,Trifluridine,Mesna
DCC0088,DCC0787,0.8081555048570107,4,Trifluridine,Ipilimumab
DCC0088,DCC0634,0.8099431248224289,4,Trifluridine,Enzastaurin
DCC0088,DCC0904,0.8099625763821131,4,Trifluridine,Neratinib
DCC0088,DCC1120,0.8090333652788689,8,Trifluridine,Pegfilgrastim
DCC0088,DCC0596,0.8019193660249417,4,Trifluridine,ABT-751
DCC0088,DCC1555,0.8139833930214235,8,Trifluridine,Panitumumab
DCC0088,DCC1129,0.8044194494160088,8,Trifluridine,Palifermin
DCC0088,DCC1024,0.8412699576372573,4,Trifluridine,Teprotumumab
DCC0088,DCC1681,0.8093207869383134,8,Trifluridine,Pertuzumab
DCC0067,DCC0006,0.8079470821044235,4,Vinorelbine,Aldesleukin
DCC0067,DCC0596,0.8242409391114995,4,Vinorelbine,ABT-751
DCC0067,DCC0853,0.8259162275815701,4,Vinorelbine,Linifanib
DCC0311,DCC0596,0.8026495565467601,4,Ifosfamide,ABT-751
DCC0414,DCC0006,0.8054323293204245,4,Mesna,Aldesleukin
DCC0414,DCC0088,0.8219012379396229,4,Mesna,Trifluridine
DCC0414,DCC1461,0.8140952383647228,4,Mesna,Isotretinoin
DCC0414,DCC0596,0.8165103269621719,4,Mesna,ABT-751
DCC0414,DCC1024,0.8578701183808254,4,Mesna,Teprotumumab
DCC0414,DCC0853,0.8205248379572805,4,Mesna,Linifanib
DCC0411,DCC1024,0.8321253257566407,4,Lomeguatrib,Teprotumumab
DCC0787,DCC0158,0.8162152628168083,4,Ipilimumab,Pemetrexed
DCC0787,DCC1164,0.8103135335335531,4,Ipilimumab,Octreotide
DCC0787,DCC0088,0.8081555048570107,4,Ipilimumab,Trifluridine
DCC0787,DCC1461,0.8003027923833597,4,Ipilimumab,Isotretinoin
DCC0787,DCC1657,0.8193124282014664,4,Ipilimumab,Vandetanib
DCC0787,DCC0596,0.8122483173427375,4,Ipilimumab,ABT-751
DCC0787,DCC0777,0.8183375247110078,4,Ipilimumab,Pazopanib
DCC0787,DCC1024,0.8507167802913952,4,Ipilimumab,Teprotumumab
DCC0787,DCC0853,0.806588947181857,4,Ipilimumab,Linifanib
DCC0787,DCC1624,0.8055441222912819,4,Ipilimumab,Uracil
DCC1628,DCC0596,0.8046824971442341,4,Fotemustine,ABT-751
DCC1628,DCC1024,0.8424195951503556,4,Fotemustine,Teprotumumab
DCC0634,DCC1164,0.8014232400618468,4,Enzastaurin,Octreotide
DCC0634,DCC0088,0.8099431248224289,4,Enzastaurin,Trifluridine
DCC0634,DCC1461,0.8002788183275241,4,Enzastaurin,Isotretinoin
DCC0634,DCC1657,0.8205128969569978,4,Enzastaurin,Vandetanib
DCC0634,DCC0596,0.8077947629385545,4,Enzastaurin,ABT-751
DCC0634,DCC0777,0.8207333073686687,4,Enzastaurin,Pazopanib
DCC0634,DCC1024,0.8479819960396784,4,Enzastaurin,Teprotumumab
DCC0634,DCC0853,0.8084024566406937,4,Enzastaurin,Linifanib
DCC1121,DCC0777,0.8020173784822406,4,Sargramostim,Pazopanib
DCC1121,DCC1024,0.8282036644686481,4,Sargramostim,Teprotumumab
DCC1461,DCC0153,0.8108888040279494,7,Isotretinoin,Clofarabine
DCC1461,DCC0001,0.8147708750102287,4,Isotretinoin,Cetuximab
DCC1461,DCC1417,0.8025202206638548,7,Isotretinoin,Dacarbazine
DCC1461,DCC0108,0.8083381069772589,7,Isotretinoin,Altretamine
DCC1461,DCC0288,0.8075774326391378,7,Isotretinoin,Fludarabine
DCC1461,DCC0414,0.8140952383647228,4,Isotretinoin,Mesna
DCC1461,DCC0787,0.8003027923833597,4,Isotretinoin,Ipilimumab
DCC1461,DCC0634,0.8002788183275241,4,Isotretinoin,Enzastaurin
DCC1461,DCC1121,0.8003119208290551,7,Isotretinoin,Sargramostim
DCC1461,DCC1120,0.8123890316088114,7,Isotretinoin,Pegfilgrastim
DCC1461,DCC1555,0.8091699523055003,7,Isotretinoin,Panitumumab
DCC1461,DCC0777,0.8020377589564209,4,Isotretinoin,Pazopanib
DCC1461,DCC1129,0.8059240346442368,7,Isotretinoin,Palifermin
DCC1461,DCC1024,0.8305094535142867,4,Isotretinoin,Teprotumumab
DCC1461,DCC1535,0.8012122901185936,7,Isotretinoin,Mitoxantrone
DCC1461,DCC1710,0.8116121716752337,7,Isotretinoin,Plerixafor
DCC1461,DCC1471,0.8004961596890985,7,Isotretinoin,Busulfan
DCC1461,DCC1688,0.8067626159291004,7,Isotretinoin,Axitinib
DCC1461,DCC1321,0.8062232167698363,7,Isotretinoin,Vinblastine
DCC0904,DCC0088,0.8099625763821131,4,Neratinib,Trifluridine
DCC0904,DCC0596,0.8060247073895208,4,Neratinib,ABT-751
DCC0904,DCC0853,0.8083213524758712,4,Neratinib,Linifanib
DCC1120,DCC0006,0.8001350215054188,4,Pegfilgrastim,Aldesleukin
DCC1120,DCC0004,0.8075864954734658,7,Pegfilgrastim,Asparaginase
DCC1120,DCC0088,0.8090333652788689,8,Pegfilgrastim,Trifluridine
DCC1120,DCC1461,0.8123890316088114,7,Pegfilgrastim,Isotretinoin
DCC1120,DCC1657,0.8156040870554202,8,Pegfilgrastim,Vandetanib
DCC1120,DCC0596,0.810226986453394,4,Pegfilgrastim,ABT-751
DCC1120,DCC0777,0.8258025239685349,4,Pegfilgrastim,Pazopanib
DCC1120,DCC1162,0.8052112522625251,8,Pegfilgrastim,Filgrastim
DCC1120,DCC0853,0.8149512670989435,4,Pegfilgrastim,Linifanib
DCC1120,DCC1624,0.8053316891989982,7,Pegfilgrastim,Uracil
DCC1657,DCC0403,0.8161280403079902,4,Vandetanib,Tegafur
DCC1657,DCC0787,0.8193124282014664,4,Vandetanib,Ipilimumab
DCC1657,DCC0634,0.8205128969569978,4,Vandetanib,Enzastaurin
DCC1657,DCC1120,0.8156040870554202,8,Vandetanib,Pegfilgrastim
DCC1657,DCC0596,0.8121918619132245,4,Vandetanib,ABT-751
DCC1657,DCC0622,0.8057122695386988,4,Vandetanib,Iniparib
DCC1657,DCC1129,0.8106726458164355,8,Vandetanib,Palifermin
DCC1657,DCC1024,0.8525408312404331,4,Vandetanib,Teprotumumab
DCC1657,DCC0853,0.8152310249510583,4,Vandetanib,Linifanib
DCC1657,DCC0956,0.8008091505089149,4,Vandetanib,Obatoclax
DCC0596,DCC0012,0.8108355056237455,4,ABT-751,Bevacizumab
DCC0596,DCC0189,0.8166514435560641,4,ABT-751,Irinotecan
DCC0596,DCC0122,0.8267591693592925,4,ABT-751,Erlotinib
DCC0596,DCC0158,0.8052900903522751,4,ABT-751,Pemetrexed
DCC0596,DCC0001,0.8233509422018694,4,ABT-751,Cetuximab
DCC0596,DCC0120,0.8109418865330951,4,ABT-751,Oxaliplatin
DCC0596,DCC0295,0.8077603731570188,4,ABT-751,Capecitabine
DCC0596,DCC0336,0.8139977754632051,4,ABT-751,Sunitinib
DCC0596,DCC0094,0.8114715072390428,4,ABT-751,Gemcitabine
DCC0596,DCC0403,0.8050257637716588,4,ABT-751,Tegafur
DCC0596,DCC0416,0.8078227491769567,4,ABT-751,Potassium
DCC0596,DCC0096,0.8122118172125606,4,ABT-751,Epirubicin
DCC0596,DCC0215,0.8018438705725788,4,ABT-751,Temozolomide
DCC0596,DCC0162,0.8152980114103234,4,ABT-751,Leucovorin
DCC0596,DCC0108,0.8138937334022319,4,ABT-751,Altretamine
DCC0596,DCC0104,0.8172572516105083,4,ABT-751,Raloxifene
DCC0596,DCC0307,0.8173715543700264,4,ABT-751,Trimetrexate
DCC0596,DCC0429,0.8144807936049587,4,ABT-751,Afatinib
DCC0596,DCC0420,0.8152680601310704,4,ABT-751,Tirapazamine
DCC0596,DCC0275,0.8152176671449766,4,ABT-751,Procainamide
DCC0596,DCC0088,0.8019193660249417,4,ABT-751,Trifluridine
DCC0596,DCC0067,0.8242409391114995,4,ABT-751,Vinorelbine
DCC0596,DCC0311,0.8026495565467601,4,ABT-751,Ifosfamide
DCC0596,DCC0414,0.8165103269621719,4,ABT-751,Mesna
DCC0596,DCC0787,0.8122483173427375,4,ABT-751,Ipilimumab
DCC0596,DCC1628,0.8046824971442341,4,ABT-751,Fotemustine
DCC0596,DCC0634,0.8077947629385545,4,ABT-751,Enzastaurin
DCC0596,DCC0904,0.8060247073895208,4,ABT-751,Neratinib
DCC0596,DCC1120,0.810226986453394,4,ABT-751,Pegfilgrastim
DCC0596,DCC1657,0.8121918619132245,4,ABT-751,Vandetanib
DCC0596,DCC1555,0.830347840929671,4,ABT-751,Panitumumab
DCC0596,DCC1639,0.8229719054116305,4,ABT-751,Ixabepilone
DCC0596,DCC0777,0.8099913694471789,4,ABT-751,Pazopanib
DCC0596,DCC1024,0.8397392398993958,4,ABT-751,Teprotumumab
DCC0596,DCC1681,0.8179040531803103,4,ABT-751,Pertuzumab
DCC0596,DCC0853,0.8003205160006023,4,ABT-751,Linifanib
DCC0596,DCC1688,0.8257102761890349,4,ABT-751,Axitinib
DCC1555,DCC0006,0.8135288847596718,4,Panitumumab,Aldesleukin
DCC1555,DCC0125,0.8134904040173602,7,Panitumumab,Toremifene
DCC1555,DCC0004,0.8042620018912835,7,Panitumumab,Asparaginase
DCC1555,DCC0088,0.8139833930214235,8,Panitumumab,Trifluridine
DCC1555,DCC1461,0.8091699523055003,7,Panitumumab,Isotretinoin
DCC1555,DCC0596,0.830347840929671,4,Panitumumab,ABT-751
DCC1555,DCC0853,0.8307289444440636,4,Panitumumab,Linifanib
DCC1639,DCC0006,0.8065625332274364,4,Ixabepilone,Aldesleukin
DCC1639,DCC0596,0.8229719054116305,4,Ixabepilone,ABT-751
DCC1639,DCC0853,0.8237066338321656,4,Ixabepilone,Linifanib
DCC0777,DCC0403,0.8136771384221186,4,Pazopanib,Tegafur
DCC0777,DCC0787,0.8183375247110078,4,Pazopanib,Ipilimumab
DCC0777,DCC0634,0.8207333073686687,4,Pazopanib,Enzastaurin
DCC0777,DCC1121,0.8020173784822406,4,Pazopanib,Sargramostim
DCC0777,DCC1461,0.8020377589564209,4,Pazopanib,Isotretinoin
DCC0777,DCC1120,0.8258025239685349,4,Pazopanib,Pegfilgrastim
DCC0777,DCC0596,0.8099913694471789,4,Pazopanib,ABT-751
DCC0777,DCC0622,0.8056359931725745,4,Pazopanib,Iniparib
DCC0777,DCC1129,0.8118784645193937,4,Pazopanib,Palifermin
DCC0777,DCC1024,0.8506283015404679,4,Pazopanib,Teprotumumab
DCC0777,DCC0853,0.8123341810454088,4,Pazopanib,Linifanib
DCC0622,DCC1657,0.8057122695386988,4,Iniparib,Vandetanib
DCC0622,DCC0777,0.8056359931725745,4,Iniparib,Pazopanib
DCC0622,DCC1024,0.8328691884926316,4,Iniparib,Teprotumumab
DCC1129,DCC0088,0.8044194494160088,8,Palifermin,Trifluridine
DCC1129,DCC1461,0.8059240346442368,7,Palifermin,Isotretinoin
DCC1129,DCC1657,0.8106726458164355,8,Palifermin,Vandetanib
DCC1129,DCC0777,0.8118784645193937,4,Palifermin,Pazopanib
DCC1129,DCC1024,0.8385031243832758,4,Palifermin,Teprotumumab
DCC1129,DCC0853,0.8024158738976481,4,Palifermin,Linifanib
DCC1024,DCC0189,0.8569030650532631,4,Teprotumumab,Irinotecan
DCC1024,DCC0355,0.8219498504440488,4,Teprotumumab,Genistein
DCC1024,DCC0120,0.8514732927897589,4,Teprotumumab,Oxaliplatin
DCC1024,DCC0403,0.8432205169029517,4,Teprotumumab,Tegafur
DCC1024,DCC0416,0.8468730559351144,4,Teprotumumab,Potassium
DCC1024,DCC0006,0.8219821979362829,4,Teprotumumab,Aldesleukin
DCC1024,DCC0271,0.8134277427519392,4,Teprotumumab,Topotecan
DCC1024,DCC0426,0.8281579438032151,4,Teprotumumab,2-methoxyestradiol
DCC1024,DCC1164,0.8336949603665905,4,Teprotumumab,Octreotide
DCC1024,DCC0307,0.8554397653387458,4,Teprotumumab,Trimetrexate
DCC1024,DCC0420,0.8551434170886362,4,Teprotumumab,Tirapazamine
DCC1024,DCC0275,0.8550983837755509,4,Teprotumumab,Procainamide
DCC1024,DCC0088,0.8412699576372573,4,Teprotumumab,Trifluridine
DCC1024,DCC0414,0.8578701183808254,4,Teprotumumab,Mesna
DCC1024,DCC0411,0.8321253257566407,4,Teprotumumab,Lomeguatrib
DCC1024,DCC0787,0.8507167802913952,4,Teprotumumab,Ipilimumab
DCC1024,DCC1628,0.8424195951503556,4,Teprotumumab,Fotemustine
DCC1024,DCC0634,0.8479819960396784,4,Teprotumumab,Enzastaurin
DCC1024,DCC1121,0.8282036644686481,4,Teprotumumab,Sargramostim
DCC1024,DCC1461,0.8305094535142867,4,Teprotumumab,Isotretinoin
DCC1024,DCC1657,0.8525408312404331,4,Teprotumumab,Vandetanib
DCC1024,DCC0596,0.8397392398993958,4,Teprotumumab,ABT-751
DCC1024,DCC0777,0.8506283015404679,4,Teprotumumab,Pazopanib
DCC1024,DCC0622,0.8328691884926316,4,Teprotumumab,Iniparib
DCC1024,DCC1129,0.8385031243832758,4,Teprotumumab,Palifermin
DCC1024,DCC0630,0.8036093818801596,4,Teprotumumab,Zosuquidar
DCC1024,DCC0945,0.8121075008428493,4,Teprotumumab,Sepantronium
DCC1024,DCC1710,0.8252992110499997,4,Teprotumumab,Plerixafor
DCC1024,DCC0620,0.8178926667663725,4,Teprotumumab,Canfosfamide
DCC1024,DCC0853,0.8395758365809189,4,Teprotumumab,Linifanib
DCC1024,DCC1624,0.8298954659603162,4,Teprotumumab,Uracil
DCC1024,DCC0956,0.8229296401394159,4,Teprotumumab,Obatoclax
DCC0630,DCC1024,0.8036093818801596,4,Zosuquidar,Teprotumumab
DCC1162,DCC0122,0.8004515616167073,8,Filgrastim,Erlotinib
DCC1162,DCC1120,0.8052112522625251,8,Filgrastim,Pegfilgrastim
DCC1162,DCC1710,0.8073399680998457,8,Filgrastim,Plerixafor
DCC0945,DCC1024,0.8121075008428493,4,Sepantronium,Teprotumumab
DCC1535,DCC1461,0.8012122901185936,7,Mitoxantrone,Isotretinoin
DCC1710,DCC0004,0.8065800938525088,7,Plerixafor,Asparaginase
DCC1710,DCC1461,0.8116121716752337,7,Plerixafor,Isotretinoin
DCC1710,DCC1024,0.8252992110499997,4,Plerixafor,Teprotumumab
DCC1710,DCC1162,0.8073399680998457,8,Plerixafor,Filgrastim
DCC1471,DCC1461,0.8004961596890985,7,Busulfan,Isotretinoin
DCC0620,DCC1024,0.8178926667663725,4,Canfosfamide,Teprotumumab
DCC1681,DCC0006,0.8017143613557752,4,Pertuzumab,Aldesleukin
DCC1681,DCC0088,0.8093207869383134,8,Pertuzumab,Trifluridine
DCC1681,DCC0596,0.8179040531803103,4,Pertuzumab,ABT-751
DCC1681,DCC0853,0.820274213815404,4,Pertuzumab,Linifanib
DCC1681,DCC1624,0.8066863477778486,7,Pertuzumab,Uracil
DCC0853,DCC0122,0.8270964080527372,4,Linifanib,Erlotinib
DCC0853,DCC0158,0.8046020973978271,4,Linifanib,Pemetrexed
DCC0853,DCC0336,0.8109385081757606,4,Linifanib,Sunitinib
DCC0853,DCC0403,0.8039554544314119,4,Linifanib,Tegafur
DCC0853,DCC0416,0.8077313923234539,4,Linifanib,Potassium
DCC0853,DCC0162,0.815377733048148,4,Linifanib,Leucovorin
DCC0853,DCC0108,0.8156029946801888,4,Linifanib,Altretamine
DCC0853,DCC0104,0.8149892371364158,4,Linifanib,Raloxifene
DCC0853,DCC0307,0.8150700085317544,4,Linifanib,Trimetrexate
DCC0853,DCC0429,0.8139807617206618,4,Linifanib,Afatinib
DCC0853,DCC0067,0.8259162275815701,4,Linifanib,Vinorelbine
DCC0853,DCC0414,0.8205248379572805,4,Linifanib,Mesna
DCC0853,DCC0787,0.806588947181857,4,Linifanib,Ipilimumab
DCC0853,DCC0634,0.8084024566406937,4,Linifanib,Enzastaurin
DCC0853,DCC0904,0.8083213524758712,4,Linifanib,Neratinib
DCC0853,DCC1120,0.8149512670989435,4,Linifanib,Pegfilgrastim
DCC0853,DCC1657,0.8152310249510583,4,Linifanib,Vandetanib
DCC0853,DCC0596,0.8003205160006023,4,Linifanib,ABT-751
DCC0853,DCC1555,0.8307289444440636,4,Linifanib,Panitumumab
DCC0853,DCC1639,0.8237066338321656,4,Linifanib,Ixabepilone
DCC0853,DCC0777,0.8123341810454088,4,Linifanib,Pazopanib
DCC0853,DCC1129,0.8024158738976481,4,Linifanib,Palifermin
DCC0853,DCC1024,0.8395758365809189,4,Linifanib,Teprotumumab
DCC0853,DCC1681,0.820274213815404,4,Linifanib,Pertuzumab
DCC0853,DCC1688,0.8251752077068389,4,Linifanib,Axitinib
DCC1688,DCC0006,0.8080217188827433,4,Axitinib,Aldesleukin
DCC1688,DCC0004,0.8026413640024327,7,Axitinib,Asparaginase
DCC1688,DCC1461,0.8067626159291004,7,Axitinib,Isotretinoin
DCC1688,DCC0596,0.8257102761890349,4,Axitinib,ABT-751
DCC1688,DCC0853,0.8251752077068389,4,Axitinib,Linifanib
DCC1624,DCC0787,0.8055441222912819,4,Uracil,Ipilimumab
DCC1624,DCC1120,0.8053316891989982,7,Uracil,Pegfilgrastim
DCC1624,DCC1024,0.8298954659603162,4,Uracil,Teprotumumab
DCC1624,DCC1681,0.8066863477778486,7,Uracil,Pertuzumab
DCC1321,DCC1461,0.806223210938572,7,Vinblastine,Isotretinoin
DCC0956,DCC1657,0.8008091486643172,4,Obatoclax,Vandetanib
DCC0956,DCC1024,0.8229296472298182,4,Obatoclax,Teprotumumab
DCC0191,DCC0458,0.8506902540081392,4,Etoposide,Phenoxodiol
DCC0191,DCC0949,0.8042099281670252,19,Etoposide,Pixantrone
DCC0012,DCC0458,0.8334523132880061,4,Bevacizumab,Phenoxodiol
DCC0012,DCC0949,0.8072351682909039,7,Bevacizumab,Pixantrone
DCC0323,DCC0458,0.8134107175818157,4,Paclitaxel,Phenoxodiol
DCC0189,DCC0458,0.8249563876186035,4,Irinotecan,Phenoxodiol
DCC0153,DCC0458,0.8490846165906191,4,Clofarabine,Phenoxodiol
DCC0153,DCC0949,0.8299576861998147,18,Clofarabine,Pixantrone
DCC0256,DCC0458,0.8210853071665368,4,Cytarabine,Phenoxodiol
DCC0122,DCC0458,0.8306879420755839,4,Erlotinib,Phenoxodiol
DCC0158,DCC0355,0.8023376640895045,10,Pemetrexed,Genistein
DCC0158,DCC0458,0.8277925897003864,4,Pemetrexed,Phenoxodiol
DCC0128,DCC0458,0.8092527282879314,4,Fluorouracil,Phenoxodiol
DCC0016,DCC0458,0.8236072679411899,4,Bortezomib,Phenoxodiol
DCC0361,DCC0458,0.8164144238543536,4,Vorinostat,Phenoxodiol
DCC0361,DCC1624,0.8156900619935479,10,Vorinostat,Uracil
DCC0008,DCC0458,0.8248623577934036,4,Trastuzumab,Phenoxodiol
DCC0259,DCC0458,0.8356058630307722,4,Doxorubicin,Phenoxodiol
DCC0369,DCC0458,0.803020233060163,4,Trabectedin,Phenoxodiol
DCC0245,DCC0458,0.8193387507083532,4,Carboplatin,Phenoxodiol
DCC0245,DCC0949,0.8107221775653605,13,Carboplatin,Pixantrone
DCC0009,DCC0458,0.8325259883005107,4,Rituximab,Phenoxodiol
DCC0123,DCC0458,0.8418368994269951,4,Cyclophosphamide,Phenoxodiol
DCC0126,DCC0458,0.8280757403037077,4,Vincristine,Phenoxodiol
DCC0148,DCC0004,0.8013967215331558,6,Imatinib,Asparaginase
DCC0148,DCC0458,0.8003644129977148,4,Imatinib,Phenoxodiol
DCC0355,DCC0158,0.8023376640895045,10,Genistein,Pemetrexed
DCC0355,DCC1162,0.8025583152831031,6,Genistein,Filgrastim
DCC0120,DCC0458,0.8284874209304441,4,Oxaliplatin,Phenoxodiol
DCC0120,DCC0949,0.8106068803267208,7,Oxaliplatin,Pixantrone
DCC0295,DCC0458,0.8286182127889938,4,Capecitabine,Phenoxodiol
DCC0295,DCC0949,0.8015816370209636,18,Capecitabine,Pixantrone
DCC0329,DCC0458,0.8383810998181277,4,Docetaxel,Phenoxodiol
DCC0094,DCC0458,0.8393485591814428,4,Gemcitabine,Phenoxodiol
DCC0046,DCC0458,0.8381929285219809,4,Mitomycin,Phenoxodiol
DCC0046,DCC1461,0.8360302125709363,6,Mitomycin,Isotretinoin
DCC0046,DCC0949,0.8164667712119938,18,Mitomycin,Pixantrone
DCC0271,DCC0458,0.801758090665652,4,Topotecan,Phenoxodiol
DCC0332,DCC0458,0.8067472759103399,4,Lapatinib,Phenoxodiol
DCC0334,DCC0458,0.8148932718310401,4,Decitabine,Phenoxodiol
DCC0096,DCC0458,0.8251529572644292,4,Epirubicin,Phenoxodiol
DCC0215,DCC0458,0.8331361927480634,4,Temozolomide,Phenoxodiol
DCC1417,DCC0458,0.8407542374748507,4,Dacarbazine,Phenoxodiol
DCC0162,DCC0458,0.803618471852902,4,Leucovorin,Phenoxodiol
DCC0108,DCC0458,0.8262831374237943,4,Altretamine,Phenoxodiol
DCC0108,DCC0949,0.8034838609479649,18,Altretamine,Pixantrone
DCC0288,DCC0458,0.8391150281684966,4,Fludarabine,Phenoxodiol
DCC0288,DCC0949,0.8308702926294959,17,Fludarabine,Pixantrone
DCC0004,DCC0148,0.8013967215331558,6,Asparaginase,Imatinib
DCC0420,DCC0458,0.8025424160052284,5,Tirapazamine,Phenoxodiol
DCC0420,DCC0949,0.8222017742750761,7,Tirapazamine,Pixantrone
DCC0420,DCC0789,0.8109544677369571,7,Tirapazamine,Elesclomol
DCC0275,DCC0949,0.8146470793826325,7,Procainamide,Pixantrone
DCC0275,DCC0789,0.8037305223542884,7,Procainamide,Elesclomol
DCC0458,DCC0191,0.8506902540081392,4,Phenoxodiol,Etoposide
DCC0458,DCC0012,0.8334523132880061,4,Phenoxodiol,Bevacizumab
DCC0458,DCC0323,0.8134107175818157,4,Phenoxodiol,Paclitaxel
DCC0458,DCC0189,0.8249563876186035,4,Phenoxodiol,Irinotecan
DCC0458,DCC0153,0.8490846165906191,4,Phenoxodiol,Clofarabine
DCC0458,DCC0256,0.8210853071665368,4,Phenoxodiol,Cytarabine
DCC0458,DCC0122,0.8306879420755839,4,Phenoxodiol,Erlotinib
DCC0458,DCC0158,0.8277925897003864,4,Phenoxodiol,Pemetrexed
DCC0458,DCC0128,0.8092527282879314,4,Phenoxodiol,Fluorouracil
DCC0458,DCC0117,0.8549478169311552,4,Phenoxodiol,Cisplatin
DCC0458,DCC0016,0.8236072679411899,4,Phenoxodiol,Bortezomib
DCC0458,DCC0361,0.8164144238543536,4,Phenoxodiol,Vorinostat
DCC0458,DCC0008,0.8248623577934036,4,Phenoxodiol,Trastuzumab
DCC0458,DCC0259,0.8356058630307722,4,Phenoxodiol,Doxorubicin
DCC0458,DCC0369,0.803020233060163,4,Phenoxodiol,Trabectedin
DCC0458,DCC0245,0.8193387507083532,4,Phenoxodiol,Carboplatin
DCC0458,DCC0009,0.8325259883005107,4,Phenoxodiol,Rituximab
DCC0458,DCC0123,0.8418368994269951,4,Phenoxodiol,Cyclophosphamide
DCC0458,DCC0126,0.8280757403037077,4,Phenoxodiol,Vincristine
DCC0458,DCC0148,0.8003644129977148,4,Phenoxodiol,Imatinib
DCC0458,DCC0120,0.8284874209304441,4,Phenoxodiol,Oxaliplatin
DCC0458,DCC0295,0.8286182127889938,4,Phenoxodiol,Capecitabine
DCC0458,DCC0329,0.8383810998181277,4,Phenoxodiol,Docetaxel
DCC0458,DCC0094,0.8393485591814428,4,Phenoxodiol,Gemcitabine
DCC0458,DCC0046,0.8381929285219809,4,Phenoxodiol,Mitomycin
DCC0458,DCC0271,0.801758090665652,4,Phenoxodiol,Topotecan
DCC0458,DCC0332,0.8067472759103399,4,Phenoxodiol,Lapatinib
DCC0458,DCC0334,0.8148932718310401,4,Phenoxodiol,Decitabine
DCC0458,DCC0096,0.8251529572644292,4,Phenoxodiol,Epirubicin
DCC0458,DCC0215,0.8331361927480634,4,Phenoxodiol,Temozolomide
DCC0458,DCC1417,0.8407542374748507,4,Phenoxodiol,Dacarbazine
DCC0458,DCC0162,0.803618471852902,4,Phenoxodiol,Leucovorin
DCC0458,DCC0108,0.8262831374237943,4,Phenoxodiol,Altretamine
DCC0458,DCC0288,0.8391150281684966,4,Phenoxodiol,Fludarabine
DCC0458,DCC0420,0.8025424160052284,5,Phenoxodiol,Tirapazamine
DCC0458,DCC0088,0.8117639602265052,4,Phenoxodiol,Trifluridine
DCC0458,DCC0067,0.8352593509087515,4,Phenoxodiol,Vinorelbine
DCC0458,DCC0311,0.8378840141032522,4,Phenoxodiol,Ifosfamide
DCC0458,DCC1628,0.8263630840330666,4,Phenoxodiol,Fotemustine
DCC0458,DCC1121,0.8128437950160301,4,Phenoxodiol,Sargramostim
DCC0458,DCC1120,0.8255870283068476,4,Phenoxodiol,Pegfilgrastim
DCC0458,DCC1657,0.8116973375426818,4,Phenoxodiol,Vandetanib
DCC0458,DCC1555,0.8140910588166035,4,Phenoxodiol,Panitumumab
DCC0458,DCC0949,0.8136597213346657,4,Phenoxodiol,Pixantrone
DCC0458,DCC1639,0.8135408377336057,4,Phenoxodiol,Ixabepilone
DCC0458,DCC1129,0.8313153688828012,4,Phenoxodiol,Palifermin
DCC0458,DCC1522,0.8146806415982094,4,Phenoxodiol,Procarbazine
DCC0458,DCC1162,0.8196854825409452,4,Phenoxodiol,Filgrastim
DCC0458,DCC1535,0.8271373115352021,4,Phenoxodiol,Mitoxantrone
DCC0458,DCC1235,0.8094958694067762,5,Phenoxodiol,Chlorambucil
DCC0458,DCC1710,0.8420499658705759,4,Phenoxodiol,Plerixafor
DCC0458,DCC1471,0.8227804523991391,4,Phenoxodiol,Busulfan
DCC0458,DCC0620,0.8023104480529497,4,Phenoxodiol,Canfosfamide
DCC0458,DCC1681,0.8149755958660728,4,Phenoxodiol,Pertuzumab
DCC0458,DCC1688,0.813474198361288,4,Phenoxodiol,Axitinib
DCC0458,DCC1321,0.8400272382536434,4,Phenoxodiol,Vinblastine
DCC0088,DCC0458,0.8117639602265052,4,Trifluridine,Phenoxodiol
DCC0067,DCC0458,0.8352593509087515,4,Vinorelbine,Phenoxodiol
DCC0311,DCC0458,0.8378840141032522,4,Ifosfamide,Phenoxodiol
DCC0311,DCC0949,0.8238502807629249,18,Ifosfamide,Pixantrone
DCC0311,DCC1624,0.801398646566225,10,Ifosfamide,Uracil
DCC1628,DCC0458,0.8263630840330666,4,Fotemustine,Phenoxodiol
DCC1121,DCC0458,0.8128437950160301,4,Sargramostim,Phenoxodiol
DCC1121,DCC0949,0.8126736032406235,7,Sargramostim,Pixantrone
DCC1121,DCC1624,0.8234047388922914,6,Sargramostim,Uracil
DCC1461,DCC0046,0.8360302125709363,6,Isotretinoin,Mitomycin
DCC1120,DCC0458,0.8255870283068476,4,Pegfilgrastim,Phenoxodiol
DCC1120,DCC0949,0.8201997233401103,7,Pegfilgrastim,Pixantrone
DCC1657,DCC0458,0.8116973375426818,4,Vandetanib,Phenoxodiol
DCC1555,DCC0458,0.8140910588166035,4,Panitumumab,Phenoxodiol
DCC1555,DCC0949,0.8077055036623791,7,Panitumumab,Pixantrone
DCC1555,DCC0789,0.8024967521632266,7,Panitumumab,Elesclomol
DCC0949,DCC0191,0.8042099281670252,19,Pixantrone,Etoposide
DCC0949,DCC0012,0.8072351682909039,7,Pixantrone,Bevacizumab
DCC0949,DCC0153,0.8299576861998147,18,Pixantrone,Clofarabine
DCC0949,DCC0245,0.8107221775653605,13,Pixantrone,Carboplatin
DCC0949,DCC0009,0.8082333113823562,7,Pixantrone,Rituximab
DCC0949,DCC0126,0.8120616712538529,18,Pixantrone,Vincristine
DCC0949,DCC0120,0.8106068803267208,7,Pixantrone,Oxaliplatin
DCC0949,DCC0295,0.8015816370209636,18,Pixantrone,Capecitabine
DCC0949,DCC0046,0.8164667712119938,18,Pixantrone,Mitomycin
DCC0949,DCC0108,0.8034838609479649,18,Pixantrone,Altretamine
DCC0949,DCC0288,0.8308702926294959,17,Pixantrone,Fludarabine
DCC0949,DCC0420,0.8222017742750761,7,Pixantrone,Tirapazamine
DCC0949,DCC0275,0.8146470793826325,7,Pixantrone,Procainamide
DCC0949,DCC0458,0.8136597213346657,4,Pixantrone,Phenoxodiol
DCC0949,DCC0311,0.8238502807629249,18,Pixantrone,Ifosfamide
DCC0949,DCC1121,0.8126736032406235,7,Pixantrone,Sargramostim
DCC0949,DCC1120,0.8201997233401103,7,Pixantrone,Pegfilgrastim
DCC0949,DCC1555,0.8077055036623791,7,Pixantrone,Panitumumab
DCC0949,DCC1129,0.8200559723719527,7,Pixantrone,Palifermin
DCC0949,DCC1522,0.8032607460470573,18,Pixantrone,Procarbazine
DCC0949,DCC1162,0.8085104460660897,7,Pixantrone,Filgrastim
DCC0949,DCC1535,0.8094159084942681,18,Pixantrone,Mitoxantrone
DCC0949,DCC1471,0.8205799324161764,17,Pixantrone,Busulfan
DCC1649,DCC1129,0.8043995699911205,6,Defibrotide,Palifermin
DCC1649,DCC1710,0.8132023419382312,6,Defibrotide,Plerixafor
DCC1639,DCC0458,0.8135408377336057,4,Ixabepilone,Phenoxodiol
DCC1280,DCC1727,0.8048935776174305,9,Entecavir,Rilpivirine
DCC1368,DCC1727,0.8003738149275432,9,Adefovir,Rilpivirine
DCC1129,DCC0458,0.8313153688828012,4,Palifermin,Phenoxodiol
DCC1129,DCC0949,0.8200559723719527,7,Palifermin,Pixantrone
DCC1129,DCC1649,0.8043995699911205,6,Palifermin,Defibrotide
DCC1129,DCC1624,0.84282379688827,6,Palifermin,Uracil
DCC1522,DCC0458,0.8146806415982094,4,Procarbazine,Phenoxodiol
DCC1522,DCC0949,0.8032607460470573,18,Procarbazine,Pixantrone
DCC1162,DCC0355,0.8025583152831031,6,Filgrastim,Genistein
DCC1162,DCC0458,0.8196854825409452,4,Filgrastim,Phenoxodiol
DCC1162,DCC0949,0.8085104460660897,7,Filgrastim,Pixantrone
DCC1162,DCC1624,0.8150591464048071,6,Filgrastim,Uracil
DCC1535,DCC0458,0.8271373115352021,4,Mitoxantrone,Phenoxodiol
DCC1535,DCC0949,0.8094159084942681,18,Mitoxantrone,Pixantrone
DCC0789,DCC0420,0.8109544677369571,7,Elesclomol,Tirapazamine
DCC0789,DCC0275,0.8037305223542884,7,Elesclomol,Procainamide
DCC0789,DCC1555,0.8024967521632266,7,Elesclomol,Panitumumab
DCC1235,DCC0458,0.8094958694067762,5,Chlorambucil,Phenoxodiol
DCC1710,DCC0458,0.8420499658705759,4,Plerixafor,Phenoxodiol
DCC1710,DCC1649,0.8132023419382312,6,Plerixafor,Defibrotide
DCC1471,DCC0458,0.8227804523991391,4,Busulfan,Phenoxodiol
DCC1471,DCC0949,0.8205799324161764,17,Busulfan,Pixantrone
DCC0620,DCC0458,0.8023104480529497,4,Canfosfamide,Phenoxodiol
DCC1681,DCC0458,0.8149755958660728,4,Pertuzumab,Phenoxodiol
DCC1727,DCC1280,0.8048935776174305,9,Rilpivirine,Entecavir
DCC1727,DCC1368,0.8003738149275432,9,Rilpivirine,Adefovir
DCC1688,DCC0458,0.813474198361288,4,Axitinib,Phenoxodiol
DCC1624,DCC0361,0.8156900619935479,10,Uracil,Vorinostat
DCC1624,DCC0311,0.801398646566225,10,Uracil,Ifosfamide
DCC1624,DCC1121,0.8234047388922914,6,Uracil,Sargramostim
DCC1624,DCC1129,0.84282379688827,6,Uracil,Palifermin
DCC1624,DCC1162,0.8150591464048071,6,Uracil,Filgrastim
DCC1321,DCC0458,0.8400272401802474,4,Vinblastine,Phenoxodiol
DCC0153,DCC0364,0.8059853933155697,5,Clofarabine,Flavopiridol
DCC0122,DCC0364,0.8326462533855994,5,Erlotinib,Flavopiridol
DCC0158,DCC0364,0.8168459780420967,5,Pemetrexed,Flavopiridol
DCC0361,DCC0364,0.8118588649307881,5,Vorinostat,Flavopiridol
DCC0111,DCC1639,0.8090431116612522,8,Zidovudine,Ixabepilone
DCC0178,DCC1639,0.8131486010000749,8,Delavirdine,Ixabepilone
DCC0045,DCC1639,0.8071786755057687,8,Tenofovir,Ixabepilone
DCC0179,DCC1639,0.8085922441383715,8,Lamivudine,Ixabepilone
DCC0148,DCC0364,0.8172347366487385,5,Imatinib,Flavopiridol
DCC0355,DCC0364,0.8079139144833378,5,Genistein,Flavopiridol
DCC0336,DCC0364,0.82832100122781,5,Sunitinib,Flavopiridol
DCC0225,DCC1639,0.8107110889600458,8,Emtricitabine,Ixabepilone
DCC0351,DCC1639,0.8039075041232469,8,Lopinavir,Ixabepilone
DCC0046,DCC0364,0.8203184486896591,5,Mitomycin,Flavopiridol
DCC0161,DCC1639,0.8136348558988138,8,Stavudine,Ixabepilone
DCC0228,DCC1639,0.8040569258009597,8,Didanosine,Ixabepilone
DCC0215,DCC0364,0.8359751142528136,5,Temozolomide,Flavopiridol
DCC1417,DCC0364,0.8120097557426181,5,Dacarbazine,Flavopiridol
DCC0162,DCC0364,0.8252332190235794,5,Leucovorin,Flavopiridol
DCC0108,DCC0364,0.8221578001493894,5,Altretamine,Flavopiridol
DCC0364,DCC0153,0.8059853933155697,5,Flavopiridol,Clofarabine
DCC0364,DCC0122,0.8326462533855994,5,Flavopiridol,Erlotinib
DCC0364,DCC0158,0.8168459780420967,5,Flavopiridol,Pemetrexed
DCC0364,DCC0361,0.8118588649307881,5,Flavopiridol,Vorinostat
DCC0364,DCC0148,0.8172347366487385,5,Flavopiridol,Imatinib
DCC0364,DCC0355,0.8079139144833378,5,Flavopiridol,Genistein
DCC0364,DCC0336,0.82832100122781,5,Flavopiridol,Sunitinib
DCC0364,DCC0046,0.8203184486896591,5,Flavopiridol,Mitomycin
DCC0364,DCC0215,0.8359751142528136,5,Flavopiridol,Temozolomide
DCC0364,DCC1417,0.8120097557426181,5,Flavopiridol,Dacarbazine
DCC0364,DCC0162,0.8252332190235794,5,Flavopiridol,Leucovorin
DCC0364,DCC0108,0.8221578001493894,5,Flavopiridol,Altretamine
DCC0364,DCC0104,0.8239990181094434,5,Flavopiridol,Raloxifene
DCC0364,DCC0307,0.8240924555626596,5,Flavopiridol,Trimetrexate
DCC0364,DCC0275,0.804226144817173,5,Flavopiridol,Procainamide
DCC0364,DCC0088,0.8181904460351206,5,Flavopiridol,Trifluridine
DCC0364,DCC0067,0.8251906216478421,5,Flavopiridol,Vinorelbine
DCC0364,DCC0311,0.8170450739033788,5,Flavopiridol,Ifosfamide
DCC0364,DCC1628,0.8092637632882106,5,Flavopiridol,Fotemustine
DCC0364,DCC1120,0.8304967628910431,4,Flavopiridol,Pegfilgrastim
DCC0364,DCC1657,0.8243979469665239,5,Flavopiridol,Vandetanib
DCC0364,DCC1555,0.8450914581676776,4,Flavopiridol,Panitumumab
DCC0364,DCC1639,0.8416908122695528,5,Flavopiridol,Ixabepilone
DCC0364,DCC1129,0.8276108593379597,4,Flavopiridol,Palifermin
DCC0364,DCC1535,0.8010578975677456,5,Flavopiridol,Mitoxantrone
DCC0364,DCC1710,0.8083778064198291,5,Flavopiridol,Plerixafor
DCC0364,DCC1681,0.8287113299881941,4,Flavopiridol,Pertuzumab
DCC0364,DCC1688,0.8268079168345542,5,Flavopiridol,Axitinib
DCC0364,DCC1624,0.8142370618101731,5,Flavopiridol,Uracil
DCC0364,DCC1321,0.8037407737697253,5,Flavopiridol,Vinblastine
DCC0028,DCC1639,0.8272572641430236,8,Indinavir,Ixabepilone
DCC0104,DCC0364,0.8239990181094434,5,Raloxifene,Flavopiridol
DCC0307,DCC0364,0.8240924555626596,5,Trimetrexate,Flavopiridol
DCC0275,DCC0364,0.804226144817173,5,Procainamide,Flavopiridol
DCC0088,DCC0364,0.8181904460351206,5,Trifluridine,Flavopiridol
DCC0067,DCC0364,0.8251906216478421,5,Vinorelbine,Flavopiridol
DCC0311,DCC0364,0.8170450739033788,5,Ifosfamide,Flavopiridol
DCC0366,DCC1639,0.8047262556698385,8,Eucalyptol,Ixabepilone
DCC1628,DCC0364,0.8092637632882106,5,Fotemustine,Flavopiridol
DCC1120,DCC0364,0.8304967628910431,4,Pegfilgrastim,Flavopiridol
DCC1657,DCC0364,0.8243979469665239,5,Vandetanib,Flavopiridol
DCC1555,DCC0364,0.8450914581676776,4,Panitumumab,Flavopiridol
DCC1637,DCC1639,0.8275592136946175,8,Maraviroc,Ixabepilone
DCC1639,DCC0111,0.8090431116612522,8,Ixabepilone,Zidovudine
DCC1639,DCC0178,0.8131486010000749,8,Ixabepilone,Delavirdine
DCC1639,DCC0045,0.8071786755057687,8,Ixabepilone,Tenofovir
DCC1639,DCC0179,0.8085922441383715,8,Ixabepilone,Lamivudine
DCC1639,DCC0225,0.8107110889600458,8,Ixabepilone,Emtricitabine
DCC1639,DCC0351,0.8039075041232469,8,Ixabepilone,Lopinavir
DCC1639,DCC0161,0.8136348558988138,8,Ixabepilone,Stavudine
DCC1639,DCC0228,0.8040569258009597,8,Ixabepilone,Didanosine
DCC1639,DCC0364,0.8416908122695528,5,Ixabepilone,Flavopiridol
DCC1639,DCC0028,0.8272572641430236,8,Ixabepilone,Indinavir
DCC1639,DCC0366,0.8047262556698385,8,Ixabepilone,Eucalyptol
DCC1639,DCC1637,0.8275592136946175,8,Ixabepilone,Maraviroc
DCC1639,DCC1200,0.8153571749414853,8,Ixabepilone,Fluconazole
DCC1639,DCC1727,0.8173827141943113,8,Ixabepilone,Rilpivirine
DCC1200,DCC1639,0.8153571749414853,8,Fluconazole,Ixabepilone
DCC1129,DCC0364,0.8276108593379597,4,Palifermin,Flavopiridol
DCC1535,DCC0364,0.8010578975677456,5,Mitoxantrone,Flavopiridol
DCC1710,DCC0364,0.8083778064198291,5,Plerixafor,Flavopiridol
DCC1681,DCC0364,0.8287113299881941,4,Pertuzumab,Flavopiridol
DCC1727,DCC1639,0.8173827141943113,8,Rilpivirine,Ixabepilone
DCC1688,DCC0364,0.8268079168345542,5,Axitinib,Flavopiridol
DCC1624,DCC0364,0.8142370618101731,5,Uracil,Flavopiridol
DCC1321,DCC0364,0.8037407812026764,5,Vinblastine,Flavopiridol
DCC0191,DCC0532,0.8321703372058118,9,Etoposide,Trientine
DCC0012,DCC0415,0.8036356250419964,4,Bevacizumab,Sabarubicin
DCC0012,DCC0457,0.803079965855077,4,Bevacizumab,Sorivudine
DCC0012,DCC0461,0.8043075464785387,4,Bevacizumab,Lexatumumab
DCC0012,DCC0360,0.8052159070964373,4,Bevacizumab,"""2'-Deoxyinosine"""
DCC0189,DCC0415,0.80453022951672,4,Irinotecan,Sabarubicin
DCC0189,DCC0457,0.8048418748330695,4,Irinotecan,Sorivudine
DCC0189,DCC0461,0.8052291825349925,4,Irinotecan,Lexatumumab
DCC0153,DCC0532,0.8445918299152864,9,Clofarabine,Trientine
DCC0122,DCC0415,0.8087734454026456,4,Erlotinib,Sabarubicin
DCC0122,DCC0461,0.8095433035284668,4,Erlotinib,Lexatumumab
DCC0158,DCC0360,0.8028580063432554,8,Pemetrexed,"""2'-Deoxyinosine"""
DCC0001,DCC0415,0.8060945363320504,4,Cetuximab,Sabarubicin
DCC0001,DCC0457,0.8056178665075169,4,Cetuximab,Sorivudine
DCC0001,DCC0461,0.8068389916218814,4,Cetuximab,Lexatumumab
DCC0001,DCC0360,0.8076885687581274,4,Cetuximab,"""2'-Deoxyinosine"""
DCC0128,DCC0415,0.8245739469175195,4,Fluorouracil,Sabarubicin
DCC0128,DCC0461,0.8252589451016058,4,Fluorouracil,Lexatumumab
DCC0117,DCC0457,0.8220843703049556,4,Cisplatin,Sorivudine
DCC0117,DCC0360,0.8244766646028484,4,Cisplatin,"""2'-Deoxyinosine"""
DCC0415,DCC0012,0.8036356250419964,4,Sabarubicin,Bevacizumab
DCC0415,DCC0189,0.80453022951672,4,Sabarubicin,Irinotecan
DCC0415,DCC0122,0.8087734454026456,4,Sabarubicin,Erlotinib
DCC0415,DCC0001,0.8060945363320504,4,Sabarubicin,Cetuximab
DCC0415,DCC0128,0.8245739469175195,4,Sabarubicin,Fluorouracil
DCC0415,DCC0117,0.8271379734246683,4,Sabarubicin,Cisplatin
DCC0415,DCC0457,0.815947164479418,4,Sabarubicin,Sorivudine
DCC0415,DCC0120,0.8115592761697001,4,Sabarubicin,Oxaliplatin
DCC0415,DCC0295,0.8058427600031036,4,Sabarubicin,Capecitabine
DCC0415,DCC0329,0.8155090762445225,4,Sabarubicin,Docetaxel
DCC0415,DCC0094,0.807138712196376,4,Sabarubicin,Gemcitabine
DCC0415,DCC0461,0.819869224005761,4,Sabarubicin,Lexatumumab
DCC0415,DCC1164,0.8049474174098906,4,Sabarubicin,Octreotide
DCC0415,DCC0420,0.8168486522324976,4,Sabarubicin,Tirapazamine
DCC0415,DCC0275,0.8175275057952165,4,Sabarubicin,Procainamide
DCC0415,DCC0360,0.8180222354011399,4,Sabarubicin,"""2'-Deoxyinosine"""
DCC0259,DCC0532,0.8029005997023505,9,Doxorubicin,Trientine
DCC0369,DCC0532,0.8006860423465781,9,Trabectedin,Trientine
DCC0126,DCC0532,0.8189867862279621,9,Vincristine,Trientine
DCC0457,DCC0012,0.803079965855077,4,Sorivudine,Bevacizumab
DCC0457,DCC0189,0.8048418748330695,4,Sorivudine,Irinotecan
DCC0457,DCC0001,0.8056178665075169,4,Sorivudine,Cetuximab
DCC0457,DCC0128,0.8239926695019189,4,Sorivudine,Fluorouracil
DCC0457,DCC0117,0.8220843703049556,4,Sorivudine,Cisplatin
DCC0457,DCC0415,0.815947164479418,4,Sorivudine,Sabarubicin
DCC0457,DCC0120,0.8091433339674079,4,Sorivudine,Oxaliplatin
DCC0457,DCC0295,0.8040903839222483,4,Sorivudine,Capecitabine
DCC0457,DCC0329,0.8109441107073916,4,Sorivudine,Docetaxel
DCC0457,DCC0094,0.8059632213188261,4,Sorivudine,Gemcitabine
DCC0457,DCC0461,0.8166275281675386,4,Sorivudine,Lexatumumab
DCC0457,DCC0420,0.8137977310436549,4,Sorivudine,Tirapazamine
DCC0457,DCC0275,0.8144707560980726,4,Sorivudine,Procainamide
DCC0355,DCC0360,0.806133548621838,8,Genistein,"""2'-Deoxyinosine"""
DCC0120,DCC0415,0.8115592761697001,4,Oxaliplatin,Sabarubicin
DCC0120,DCC0457,0.8091433339674079,4,Oxaliplatin,Sorivudine
DCC0120,DCC0461,0.8123416246952879,4,Oxaliplatin,Lexatumumab
DCC0120,DCC0360,0.8112249341756379,4,Oxaliplatin,"""2'-Deoxyinosine"""
DCC0295,DCC0415,0.8058427600031036,4,Capecitabine,Sabarubicin
DCC0295,DCC0457,0.8040903839222483,4,Capecitabine,Sorivudine
DCC0295,DCC0461,0.806564000444326,4,Capecitabine,Lexatumumab
DCC0295,DCC0532,0.8061293555703845,9,Capecitabine,Trientine
DCC0336,DCC0360,0.8015805853143965,9,Sunitinib,"""2'-Deoxyinosine"""
DCC0329,DCC0415,0.8155090762445225,4,Docetaxel,Sabarubicin
DCC0329,DCC0457,0.8109441107073916,4,Docetaxel,Sorivudine
DCC0329,DCC0461,0.8163430683396031,4,Docetaxel,Lexatumumab
DCC0094,DCC0415,0.807138712196376,4,Gemcitabine,Sabarubicin
DCC0094,DCC0457,0.8059632213188261,4,Gemcitabine,Sorivudine
DCC0094,DCC0461,0.8079092568875261,4,Gemcitabine,Lexatumumab
DCC0403,DCC0461,0.8002478284102692,4,Tegafur,Lexatumumab
DCC0416,DCC0364,0.8334978468598953,4,Potassium,Flavopiridol
DCC0416,DCC0360,0.8029153933936093,9,Potassium,"""2'-Deoxyinosine"""
DCC0046,DCC0532,0.8399453932776412,9,Mitomycin,Trientine
DCC0461,DCC0012,0.8043075464785387,4,Lexatumumab,Bevacizumab
DCC0461,DCC0189,0.8052291825349925,4,Lexatumumab,Irinotecan
DCC0461,DCC0122,0.8095433035284668,4,Lexatumumab,Erlotinib
DCC0461,DCC0001,0.8068389916218814,4,Lexatumumab,Cetuximab
DCC0461,DCC0128,0.8252589451016058,4,Lexatumumab,Fluorouracil
DCC0461,DCC0117,0.8278907325058332,4,Lexatumumab,Cisplatin
DCC0461,DCC0415,0.819869224005761,4,Lexatumumab,Sabarubicin
DCC0461,DCC0457,0.8166275281675386,4,Lexatumumab,Sorivudine
DCC0461,DCC0120,0.8123416246952879,4,Lexatumumab,Oxaliplatin
DCC0461,DCC0295,0.806564000444326,4,Lexatumumab,Capecitabine
DCC0461,DCC0329,0.8163430683396031,4,Lexatumumab,Docetaxel
DCC0461,DCC0094,0.8079092568875261,4,Lexatumumab,Gemcitabine
DCC0461,DCC0403,0.8002478284102692,4,Lexatumumab,Tegafur
DCC0461,DCC1164,0.8054704421316138,4,Lexatumumab,Octreotide
DCC0461,DCC0420,0.8176239803492642,4,Lexatumumab,Tirapazamine
DCC0461,DCC0275,0.8183180434758064,4,Lexatumumab,Procainamide
DCC0461,DCC0360,0.8186991758567101,4,Lexatumumab,"""2'-Deoxyinosine"""
DCC0461,DCC0088,0.8002416601146864,4,Lexatumumab,Trifluridine
DCC0461,DCC0853,0.8000284986836695,4,Lexatumumab,Linifanib
DCC0332,DCC0532,0.8007899017153739,9,Lapatinib,Trientine
DCC0362,DCC1280,0.801225728585088,9,Fusidic,Entecavir
DCC0426,DCC0364,0.8020796530818565,4,2-methoxyestradiol,Flavopiridol
DCC0096,DCC0532,0.8174753472484745,9,Epirubicin,Trientine
DCC0215,DCC0360,0.8175715133155064,8,Temozolomide,"""2'-Deoxyinosine"""
DCC1164,DCC0415,0.8049474174098906,4,Octreotide,Sabarubicin
DCC1164,DCC0461,0.8054704421316138,4,Octreotide,Lexatumumab
DCC1205,DCC0360,0.8018609896009593,6,Midodrine,"""2'-Deoxyinosine"""
DCC0162,DCC0360,0.8050814545246479,9,Leucovorin,"""2'-Deoxyinosine"""
DCC0108,DCC0360,0.8031230483000884,8,Altretamine,"""2'-Deoxyinosine"""
DCC0108,DCC0532,0.8240553434112716,9,Altretamine,Trientine
DCC0364,DCC0416,0.8334978468598953,4,Flavopiridol,Potassium
DCC0364,DCC0426,0.8020796530818565,4,Flavopiridol,2-methoxyestradiol
DCC0364,DCC0360,0.8649490034434086,4,Flavopiridol,"""2'-Deoxyinosine"""
DCC0364,DCC0777,0.8004025116064857,4,Flavopiridol,Pazopanib
DCC0364,DCC1234,0.8017979058954703,4,Flavopiridol,Bleomycin
DCC0288,DCC0532,0.8302304634239362,9,Fludarabine,Trientine
DCC0407,DCC1280,0.8016518036991129,8,PA-824,Entecavir
DCC0104,DCC0360,0.8037015375971188,8,Raloxifene,"""2'-Deoxyinosine"""
DCC0307,DCC0360,0.8074966089071121,8,Trimetrexate,"""2'-Deoxyinosine"""
DCC0420,DCC0415,0.8168486522324976,4,Tirapazamine,Sabarubicin
DCC0420,DCC0457,0.8137977310436549,4,Tirapazamine,Sorivudine
DCC0420,DCC0461,0.8176239803492642,4,Tirapazamine,Lexatumumab
DCC0420,DCC0360,0.8158542359739868,4,Tirapazamine,"""2'-Deoxyinosine"""
DCC0275,DCC0415,0.8175275057952165,4,Procainamide,Sabarubicin
DCC0275,DCC0457,0.8144707560980726,4,Procainamide,Sorivudine
DCC0275,DCC0461,0.8183180434758064,4,Procainamide,Lexatumumab
DCC0275,DCC0360,0.8165544061795915,4,Procainamide,"""2'-Deoxyinosine"""
DCC0360,DCC0012,0.8052159070964373,4,"""2'-Deoxyinosine""",Bevacizumab
DCC0360,DCC0158,0.8028580063432554,8,"""2'-Deoxyinosine""",Pemetrexed
DCC0360,DCC0001,0.8076885687581274,4,"""2'-Deoxyinosine""",Cetuximab
DCC0360,DCC0117,0.8244766646028484,4,"""2'-Deoxyinosine""",Cisplatin
DCC0360,DCC0415,0.8180222354011399,4,"""2'-Deoxyinosine""",Sabarubicin
DCC0360,DCC0355,0.806133548621838,8,"""2'-Deoxyinosine""",Genistein
DCC0360,DCC0120,0.8112249341756379,4,"""2'-Deoxyinosine""",Oxaliplatin
DCC0360,DCC0336,0.8015805853143965,9,"""2'-Deoxyinosine""",Sunitinib
DCC0360,DCC0416,0.8029153933936093,9,"""2'-Deoxyinosine""",Potassium
DCC0360,DCC0461,0.8186991758567101,4,"""2'-Deoxyinosine""",Lexatumumab
DCC0360,DCC0215,0.8175715133155064,8,"""2'-Deoxyinosine""",Temozolomide
DCC0360,DCC1205,0.8018609896009593,6,"""2'-Deoxyinosine""",Midodrine
DCC0360,DCC0162,0.8050814545246479,9,"""2'-Deoxyinosine""",Leucovorin
DCC0360,DCC0108,0.8031230483000884,8,"""2'-Deoxyinosine""",Altretamine
DCC0360,DCC0364,0.8649490034434086,4,"""2'-Deoxyinosine""",Flavopiridol
DCC0360,DCC0104,0.8037015375971188,8,"""2'-Deoxyinosine""",Raloxifene
DCC0360,DCC0307,0.8074966089071121,8,"""2'-Deoxyinosine""",Trimetrexate
DCC0360,DCC0420,0.8158542359739868,4,"""2'-Deoxyinosine""",Tirapazamine
DCC0360,DCC0275,0.8165544061795915,4,"""2'-Deoxyinosine""",Procainamide
DCC0360,DCC1628,0.8051111846795835,7,"""2'-Deoxyinosine""",Fotemustine
DCC0360,DCC1461,0.8134062896042131,4,"""2'-Deoxyinosine""",Isotretinoin
DCC0360,DCC1639,0.8460541988561824,9,"""2'-Deoxyinosine""",Ixabepilone
DCC0360,DCC1245,0.8071048837278655,9,"""2'-Deoxyinosine""",Floxuridine
DCC0360,DCC1688,0.8168057557742298,9,"""2'-Deoxyinosine""",Axitinib
DCC0360,DCC1624,0.8139959813172903,8,"""2'-Deoxyinosine""",Uracil
DCC0088,DCC0461,0.8002416601146864,4,Trifluridine,Lexatumumab
DCC0311,DCC0532,0.8485909563214538,9,Ifosfamide,Trientine
DCC1628,DCC0360,0.8051111846795835,7,Fotemustine,"""2'-Deoxyinosine"""
DCC1461,DCC0360,0.8134062896042131,4,Isotretinoin,"""2'-Deoxyinosine"""
DCC0949,DCC1234,0.8039393878743796,14,Pixantrone,Bleomycin
DCC0949,DCC0532,0.8080715853713811,9,Pixantrone,Trientine
DCC1639,DCC0360,0.8460541988561824,9,Ixabepilone,"""2'-Deoxyinosine"""
DCC1280,DCC0362,0.801225728585088,9,Entecavir,Fusidic
DCC1280,DCC0407,0.8016518036991129,8,Entecavir,PA-824
DCC0777,DCC0364,0.8004025116064857,4,Pazopanib,Flavopiridol
DCC1234,DCC0364,0.8017979058954703,4,Bleomycin,Flavopiridol
DCC1234,DCC0949,0.8039393878743796,14,Bleomycin,Pixantrone
DCC1234,DCC0532,0.8184022856722583,9,Bleomycin,Trientine
DCC1522,DCC0532,0.8167541959946708,9,Procarbazine,Trientine
DCC1535,DCC0532,0.8129497396864681,9,Mitoxantrone,Trientine
DCC1471,DCC0532,0.8239010849472435,9,Busulfan,Trientine
DCC1245,DCC0360,0.8071048837278655,9,Floxuridine,"""2'-Deoxyinosine"""
DCC0853,DCC0461,0.8000284986836695,4,Linifanib,Lexatumumab
DCC1688,DCC0360,0.8168057557742298,9,Axitinib,"""2'-Deoxyinosine"""
DCC1624,DCC0360,0.8139959813172903,8,Uracil,"""2'-Deoxyinosine"""
DCC0532,DCC0191,0.8321703372058118,9,Trientine,Etoposide
DCC0532,DCC0153,0.8445918299152864,9,Trientine,Clofarabine
DCC0532,DCC0259,0.8029005997023505,9,Trientine,Doxorubicin
DCC0532,DCC0369,0.8006860423465781,9,Trientine,Trabectedin
DCC0532,DCC0126,0.8189867862279621,9,Trientine,Vincristine
DCC0532,DCC0295,0.8061293555703845,9,Trientine,Capecitabine
DCC0532,DCC0046,0.8399453932776412,9,Trientine,Mitomycin
DCC0532,DCC0332,0.8007899017153739,9,Trientine,Lapatinib
DCC0532,DCC0096,0.8174753472484745,9,Trientine,Epirubicin
DCC0532,DCC0108,0.8240553434112716,9,Trientine,Altretamine
DCC0532,DCC0288,0.8302304634239362,9,Trientine,Fludarabine
DCC0532,DCC0311,0.8485909563214538,9,Trientine,Ifosfamide
DCC0532,DCC0949,0.8080715853713811,9,Trientine,Pixantrone
DCC0532,DCC1234,0.8184022856722583,9,Trientine,Bleomycin
DCC0532,DCC1522,0.8167541959946708,9,Trientine,Procarbazine
DCC0532,DCC1535,0.8129497396864681,9,Trientine,Mitoxantrone
DCC0532,DCC1471,0.8239010849472435,9,Trientine,Busulfan
DCC0068,DCC1727,0.8005770596033434,6,Anidulafungin,Rilpivirine
DCC0170,DCC1639,0.814037284358425,6,Amphotericin,Ixabepilone
DCC0362,DCC1639,0.8171591314711383,6,Fusidic,Ixabepilone
DCC0028,DCC0360,0.8021606485217552,6,Indinavir,"""2'-Deoxyinosine"""
DCC0292,DCC1280,0.8119811471583678,4,Streptomycin,Entecavir
DCC0292,DCC1368,0.8035209425500268,4,Streptomycin,Adefovir
DCC0360,DCC0028,0.8021606485217552,6,"""2'-Deoxyinosine""",Indinavir
DCC0360,DCC1637,0.8031046772868243,6,"""2'-Deoxyinosine""",Maraviroc
DCC0360,DCC1280,0.8367133892322688,6,"""2'-Deoxyinosine""",Entecavir
DCC0360,DCC1368,0.8315131064766522,6,"""2'-Deoxyinosine""",Adefovir
DCC1637,DCC0360,0.8031046772868243,6,Maraviroc,"""2'-Deoxyinosine"""
DCC1639,DCC0170,0.814037284358425,6,Ixabepilone,Amphotericin
DCC1639,DCC0362,0.8171591314711383,6,Ixabepilone,Fusidic
DCC1280,DCC0292,0.8119811471583678,4,Entecavir,Streptomycin
DCC1280,DCC0360,0.8367133892322688,6,Entecavir,"""2'-Deoxyinosine"""
DCC1368,DCC0292,0.8035209425500268,4,Adefovir,Streptomycin
DCC1368,DCC0360,0.8315131064766522,6,Adefovir,"""2'-Deoxyinosine"""
DCC1727,DCC0068,0.8005770596033434,6,Rilpivirine,Anidulafungin
